File Name,Clip Directory,Duration TC,,,Resolution,Video Codec,Description,Comments,,Location,Category,,,,,Bit Depth,,,,EDL Clip Name,Camera Type,,,Camera Format,Camera FPS,,,,Sensor,,,,,,Aspect Ratio Notes,License Type,Pricing Tier
A032_C078_09169V_V1-0143.mp4,,00:00:55:04,,,5120 x 2700,r3d,"Wider view of a yellow thorny seahorse, Hippocampus histrix, perched on seagrass, Komodo National Park, Indonesia, Pacific Ocean",yellow-thorny-seahorse-macro-wide,,"Komodo, Indonesia",Underwater,,,,,16,,,,,DSMC2 GEMINI 5K S35,,,REDcode 5:1,59.94,,,,,,,,,,1.09,Commercial,Premium
A032_C079_09162S_V1-0144.mp4,,00:00:33:02,,,5120 x 2700,r3d,"Close up of a yellow thorny seahorse, Hippocampus histrix, perched on seagrass, Komodo National Park, Indonesia, Pacific Ocean",yellow-thorny-seahorse-macro-mid,,"Komodo, Indonesia",Underwater,,,,,16,,,,,DSMC2 GEMINI 5K S35,,,REDcode 5:1,59.94,,,,,,,,,,1.09,Commercial,Premium
A032_C080_091632_V1-0145.mp4,,00:00:37:58,,,5120 x 2700,r3d,"Portrait of a yellow thorny seahorse, Hippocampus histrix, perched on seagrass, Komodo National Park, Indonesia, Pacific Ocean",yellow-thorny-seahorse-macro-closeup,,"Komodo, Indonesia",Underwater,,,,,16,,,,,DSMC2 GEMINI 5K S35,,,REDcode 5:1,59.94,,,,,,,,,,1.09,Commercial,Premium
A032_C053_0916QP_V1-0121.mp4,,00:00:31:45,,,5120 x 2700,r3d,"An ornate or harlequin ghost pipefish, Solenostomus paradoxus, hangs in the water column above the substrate, Komodo National Park, Indonesia, Pacific Ocean",yellow-ornate-ghostpipefish-algaes-seagrass,,"Komodo, Indonesia",Underwater,,,,,16,,,,,DSMC2 GEMINI 5K S35,,,REDcode 5:1,59.94,,,,,,,,,,1.09,Commercial,Standard
A032_C090_0917VL_V2-0019.mp4,,00:00:08:85,,,5120 x 2700,r3d,"A smiling local woman shows off her brightly colour sarongs, Bonto village, Sangeang Island, Sumbawa, Indonesia, No Model Release",Woman-sarongs-village,,"Sumbawa, Indonesia",Culture,,,,,16,,,,,DSMC2 GEMINI 5K S35,,,REDcode 8:1,96,,,,,,,,,,1.09,Editorial,Standard
A031_C024_0915R9_V2-0014.mp4,,00:01:18:17,,,5120 x 2160,r3d,"A large school of elongate surgeonfish, Acanthurus mata,with giant trevally, Caranx ignobilis, lurking behind, Komodo National Park, Indonesia, Pacific Ocean",wide-shot-surgeonfish-school-giant-trevally,,"Komodo, Indonesia",Underwater,,,,,16,,,,,DSMC2 GEMINI 5K S35,,,REDcode 4:1,59.94,,,,,,,,,,2.37,Commercial,Premium
A032_C094_09170N_V2-0022.mp4,,00:00:12:11,,,5120 x 2700,r3d,"Pan left to right of two women standing in front of local homes with goats and chickens, Bontoh village, Sangeang Island, Sumbawa, Indonesia, No Model Release",wide-shot-ladies-villagers-front-of-huts-goat,,"Sumbawa, Indonesia",Culture,,,,,16,,,,,DSMC2 GEMINI 5K S35,,,REDcode 8:1,96,,,,,,,,,,1.09,Editorial,Standard
A032_C098_09171M_V2-0026.mp4,,00:00:35:06,,,5120 x 2700,r3d,"Colourful sarongs on a laundry line blowing in the wind on a beach, Bontoh village, Sangeang Island, Sumbawa, Indonesia",wide-colorful-local-fabric-hanging-in-the-wind,,"Sumbawa, Indonesia",Culture,,,,,16,,,,,DSMC2 GEMINI 5K S35,,,REDcode 8:1,96,,,,,,,,,,1.09,Commercial,Standard
A031_C016_09153P_V2-0005.mp4,,00:00:33:48,,,5120 x 2160,r3d,"A white tip reef shark, Triaenodon obesus, swims in the water column surrounded by schools of fusiliers including Caesio xanthonota and Caesio teres, Komodo National Park, Indonesia, Pacific Ocean",white-tip-reefshark-reveal-fusillier-background,,"Komodo, Indonesia",Underwater,,,,,16,,,,,DSMC2 GEMINI 5K S35,,,REDcode 4:1,59.94,,,,,,,,,,2.37,Commercial,Premium
A032_C007_0916DG_001.R3D,,00:00:23:46,,,5120 x 2160,r3d,"A white tip reef shark, Triaenodon obesus, sits under a ledge in the Komodo National Park, Indonesia, Pacific Ocean",white-tip-reef-shark-overhang-wide,,"Komodo, Indonesia",Underwater,,,,,16,,,,,DSMC2 GEMINI 5K S35,,,REDcode 4:1,59.94,,,,DSMC2 GEMINI 5K S35,,,,,,2:37,Commercial,Premium
A032_C008_0916UY_001.R3D,,00:00:16:52,,,5120 x 2160,r3d,"Close up view of a white tip reef shark, Triaenodon obesus, sitting under a ledge in the Komodo National Park, Indonesia, Pacific Ocean",white-tip-reef-shark-overhang-mid,,"Komodo, Indonesia",Underwater,,,,,16,,,,,DSMC2 GEMINI 5K S35,,,REDcode 4:1,59.94,,,,DSMC2 GEMINI 5K S35,,,,,,2:37,Commercial,Premium
A032_C016_0916BO_001.R3D,,00:00:14:05,,,5120 x 2160,r3d,"Several species of fish such as trevally and a white tip reef shark,Triaenodon obesus, are silhouetted while swimming in an underwater canyon. Komodo National Park, Indonesia, Pacific Ocean",white-tip-reef-shark-fish-above-canyon-komodo,,"Komodo, Indonesia",Underwater,,,,,16,,,,,DSMC2 GEMINI 5K S35,,,REDcode 4:1,59.94,,,,DSMC2 GEMINI 5K S35,,,,,,2.37,Commercial,Premium
A031_C050_0916PZ_V1-0086.mp4,,00:01:00:03,,,5120 x 2700,r3d,"Slow motion pushing forward over streams of volcanic bubbles rising from the black sand seabed at Sangeang Volcano, Sumbawa, Indonesia, Pacific Ocean",volcanic-bubble-activity-underwater-black-sand,,"Sumbawa, Indonesia",Underwater,,,,,16,,,,,DSMC2 GEMINI 5K S35,,,REDcode 5:1,59.94,,,,,,,,,,1.09,Commercial,Standard
A031_C049_0916A2_V1-0085.mp4,,00:00:12:02,,,5120 x 2700,r3d,"Wide slow motion shot of volcanic bubbles streaming out of the black sand at Sangeang Island, Sumbawa, Indonesia, Pacific Ocean",volcanic-activity-underwater-black-sand,,"Sumbawa, Indonesia",Underwater,,,,,16,,,,,DSMC2 GEMINI 5K S35,,,REDcode 5:1,59.94,,,,,,,,,,1.09,Commercial,Premium
A031_C051_09160C_V1-0088.mp4,,00:00:43:02,,,5120 x 2700,r3d,"Streams of volcanic bubbles rise from the black sand seafloor of Sangeang island, Sumbawa, Indonesia, Pacific Ocean",Volcanic-activity-swell-black-sand-underwater,,"Sumbawa, Indonesia",Underwater,,,,,16,,,,,DSMC2 GEMINI 5K S35,,,REDcode 5:1,59.94,,,,,,,,,,1.09,Commercial,Premium
A032_C108_091766_V1-0073.mp4,,00:00:18:89,,,5120 x 2700,r3d,"A man walks under a drying line filled with colourful sorongs, Bonto village, Sangeang Island, Sumbawa, Indonesia. No MR",Villager-walking-through-colorful-sarongs,,"Sumbawa, Indonesia",Culture,,,,,16,,,,,DSMC2 GEMINI 5K S35,,,REDcode 8:1,96,,,,,,,,,,1.09,Editorial,Standard
A032_C105_0917PS_V2-0033.mp4,,00:00:54:06,,,5120 x 2700,r3d,"Local man walks away from his small boat across the beach to the village, Bontoh village, Sangeang island, Sumbawa, Indonesia, No Model Release",villager-local-traditional-boat-indonesia-walking-away,,"Sumbawa, Indonesia",Culture,,,,,16,,,,,DSMC2 GEMINI 5K S35,,,REDcode 8:1,96,,,,,,,,,,1.09,Editorial,Standard
A032_C105_0917PS_V2-0032.mp4,,00:00:54:06,,,5120 x 2700,r3d,"Village man pushing his small wooden boat to sea, Bontoh village, Sangeang island, Sumbawa, Indonesia, No Model Release",villager-local-traditional-boat-indonesia,,"Sumbawa, Indonesia",Culture,,,,,16,,,,,DSMC2 GEMINI 5K S35,,,REDcode 8:1,96,,,,,,,,,,1.09,Editorial,Standard
A032_C135_0917XI_V1-0076.mp4,,00:00:26:104,,,5120 x 2160,r3d,"Two young girls playing in the sea, Bontoh village, Sangeang Island, Sumbawa, Indonesia. No MR",Village-girls-playing-in-the-sea,,"Sumbawa, Indonesia",Culture,,,,,16,,,,,DSMC2 GEMINI 5K S35,,,REDcode 8:1,120,,,,,,,,,,2.37,Editorial,Standard
A033_C013_09170B_V1-0090.mp4,,00:01:56:81,,,5120 x 2160,r3d,"Schools of colourful anthias and damselfish swim above a healthy hard and soft coral reef, Komodo National Park, Indonesia, Pacific Ocean",very-slow-slomo-push-towards-coral-reef,,"Komodo, Indonesia",Underwater,,,,,16,,,,,DSMC2 GEMINI 5K S35,,,REDcode 7:1,96,,,,,,,,,,2.37,Commercial,Premium
A033_C013_09170B_V1-0091.mp4,,00:01:56:81,,,5120 x 2160,r3d,"Schools of colourful anthias and damselfish swim above a healthy hard and soft coral reef, Komodo National Park, Indonesia, Pacific Ocean",very-slow-slomo-push-towards-coral-reef,,"Komodo, Indonesia",Underwater,,,,,16,,,,,DSMC2 GEMINI 5K S35,,,REDcode 7:1,96,,,,,,,,,,2.37,Commercial,Premium
A032_C139_0918JK_001.R3D,,00:01:26:52,,,5120 x 2700,r3d,"A green turtle, Chelonia mydas, swims through the water column backlit with sun rays, Komodo National Park, Indonesia, Pacific Ocean",Turtle-swimming-water-column-sun,,"Komodo, Indonesia",Underwater,,,,,16,,,,,DSMC2 GEMINI 5K S35,,,REDcode 5:1,59.94,,,,DSMC2 GEMINI 5K S35,,,,,,1:09,Commercial,Premium
A032_C140_0918QW_001.R3D,,00:00:54:48,,,5120 x 2700,r3d,"A green turtle, Chelonia mydas, swims behind the coral, Komodo National Park, Indonesia, Pacific Ocean",turtle-swimming-behind-coral,,"Komodo, Indonesia",Underwater,,,,,16,,,,,DSMC2 GEMINI 5K S35,,,REDcode 5:1,59.94,,,,DSMC2 GEMINI 5K S35,,,,,,1:09,Commercial,Premium
A032_C140_0918QW_001.R3D,,00:00:54:48,,,5120 x 2700,r3d,"A green turtle, Chelonia mydas, hiding behind corals, Komodo National Park, Indonesia, Pacific Ocean",turtle-hiding-behind-coral,,"Komodo, Indonesia",Underwater,,,,,16,,,,,DSMC2 GEMINI 5K S35,,,REDcode 5:1,59.94,,,,DSMC2 GEMINI 5K S35,,,,,,1:09,Commercial,Premium
A032_C107_0917B5_V1-0072.mp4,,00:00:40:91,,,5120 x 2700,r3d,"A local boatbuilder with a cigarette in his mouth walks down a ladder from a boat he is building, Sangeang Island, Sumbawa, Indonesia. No MR",tight-shot-boat-builder-going-down-ladder,,"Sumbawa, Indonesia",Culture,,,,,16,,,,,DSMC2 GEMINI 5K S35,,,REDcode 8:1,96,,,,,,,,,,1.09,Editorial,Standard
A030_C048_091548_001.R3D,,00:01:08:59,,,5120 x 2160,r3d,"A healthy shallow coral reef full of branching Acropora corals, Komodo National Park, Indonesia, Pacific Ocean",swimming-over-healthy_acropora,,"Komodo, Indonesia",Underwater,,,,,16,,,,,DSMC2 GEMINI 5K S35,,,REDcode 4:1,59.94,,,,DSMC2 GEMINI 5K S35,,,,,,2.37,Commercial,Premium
A033_C109_0919S5_001.R3D,,00:00:08:20,,,5120 x 2160,r3d,"Sunset over the waters of Komodo National Park with a traditional phinisi boat in the foreground, Komodo National Park, Indonesia, Pacific Ocean",sunset-komodo-boat-clouds,,"Komodo, Indonesia",Landscape,,,,,16,,,,,DSMC2 GEMINI 5K S35,,,REDcode 4:1,59.94,,,,DSMC2 GEMINI 5K S35,,,,,,2:37,Commercial,Standard
A032_C149_0918FB_001.R3D,,00:00:52:12,,,5120 x 2700,r3d,"Sun rays diffusing in shallow blue water, Komodo National Park, Indonesia, Pacific Ocean",sunrays-underwater-late-afternoon,,"Komodo, Indonesia",Underwater,,,,,16,,,,,DSMC2 GEMINI 5K S35,,,REDcode 5:1,59.94,,,,DSMC2 GEMINI 5K S35,,,,,,1:09,Commercial,Premium
A032_C149_0918FB_001.R3D,,00:00:52:12,,,5120 x 2700,r3d,"Diffused sun rays in shallow blue water, Komodo National Park, Indonesia, Pacific Ocean",Sunrays-underwater-afternoon-light,,"Komodo, Indonesia",Underwater,,,,,16,,,,,DSMC2 GEMINI 5K S35,,,REDcode 5:1,59.94,,,,DSMC2 GEMINI 5K S35,,,,,,1:09,Commercial,Premium
A032_C149_0918FB_001.R3D,,00:00:52:12,,,5120 x 2700,r3d,"Shooting the sun rays diffusing in shallow blue water, Komodo National Park, Indonesia, Pacific Ocean",sunrays-underwater-afternoon,,"Komodo, Indonesia",Underwater,,,,,16,,,,,DSMC2 GEMINI 5K S35,,,REDcode 5:1,59.94,,,,DSMC2 GEMINI 5K S35,,,,,,1:09,Commercial,Premium
A033_C111_0919KW_001.R3D,,00:00:46:48,,,5120 x 2160,r3d,"Sunset over the waters of Komodo National Park with a speedboat crossing in front of a traditional phinisi boat in the foreground, Komodo National Park, Indonesia, Pacific Ocean",speedboat-crossing-sunset-reflection-sea,,"Komodo, Indonesia",Landscape,,,,,16,,,,,DSMC2 GEMINI 5K S35,,,REDcode 4:1,59.94,,,,DSMC2 GEMINI 5K S35,,,,,,2:37,Commercial,Standard
A032_C124_0917D6_V1-0074.mp4,,00:00:58:09,,,5120 x 2160,r3d,"Sunlight from the setting sun shines and sparkles on the surface of the ocean, Sumbawa, Indonesia, Pacific Ocean",sparkling-light-reflecting-sea-surface,,"Sumbawa, Indonesia",Underwater,,,,,16,,,,,DSMC2 GEMINI 5K S35,,,REDcode 8:1,120,,,,,,,,,,2.37,Commercial,Premium
A033_C050_0917DX_V1-0108.mp4,,00:00:43:58,,,5120 x 2700,r3d,"Parrotfish (Scarus tricolor), sea breams (Monotaxis heterodon), chromis and ribbon sweetlips (Plectorhinchus polytaenia) on a coral reef in Komodo National Park, Indonesia, Pacific Ocean",smallgroup-yellow-ribbon-sweetlips-and-fish-corals,,"Komodo, Indonesia",Underwater,,,,,16,,,,,DSMC2 GEMINI 5K S35,,,REDcode 5:1,59.94,,,,,,,,,,1.09,Commercial,Premium
A033_C081_0918B5_001.R3D,,00:01:50:04,,,5120 x 2700,r3d,"A small group of dolphins emerging from the water to breathe, Komodo National Park, Indonesia, Pacific Ocean",Small-group-dolphins-surfacing,,"Komodo, Indonesia",Marine Life,,,,,16,,,,,DSMC2 GEMINI 5K S35,,,REDcode 8:1,96,,,,DSMC2 GEMINI 5K S35,,,,,,1:09,Commercial,Standard
A033_C084_0918P8_001.R3D,,00:00:35:03,,,5120 x 2700,r3d,"A small group of dolphins emerging from the water to breathe, Komodo National Park, Indonesia, Pacific Ocean",Small-group-dolphins-surface,,"Komodo, Indonesia",Marine Life,,,,,16,,,,,DSMC2 GEMINI 5K S35,,,REDcode 8:1,96,,,,DSMC2 GEMINI 5K S35,,,,,,1:09,Commercial,Standard
A033_C080_091838_001.R3D,,00:00:35:19,,,5120 x 2700,r3d,"A small group of dolphins emerging from the water to breathe, Komodo National Park, Indonesia, Pacific Ocean",Small-group-dolphins-emerging-sea,,"Komodo, Indonesia",Marine Life,,,,,16,,,,,DSMC2 GEMINI 5K S35,,,REDcode 8:1,96,,,,DSMC2 GEMINI 5K S35,,,,,,1:09,Commercial,Standar
A033_C083_0918MG_001.R3D,,00:01:54:10,,,5120 x 2700,r3d,"A small group of dolphins emerging from the water to breathe, Komodo National Park, Indonesia, Pacific Ocean",Small-group-dolphins,,"Komodo, Indonesia",Marine Life,,,,,16,,,,,DSMC2 GEMINI 5K S35,,,REDcode 8:1,96,,,,DSMC2 GEMINI 5K S35,,,,,,1:09,Commercial,Standard
A030_C045_09156T_001.R3D,,00:00:50:51,,,5120 x 2160,r3d,"Camera pushes forward over a healthy stand of branching coral, Acropora sp., with resident anthias and damselfish, Komodo National Park, Indonesia, Pacific Ocean",small-anthias-over-coral-reef,,"Komodo, Indonesia",Underwater,,,,,16,,,,,DSMC2 GEMINI 5K S35,,,REDcode 4:1,59.94,,,,DSMC2 GEMINI 5K S35,,,,,,2.37,Commercial,Premium
A030_C060_0915PM_V2-0001.mp4,,00:00:49:51,,,5120 x 2160,r3d,"Pushing toward a healthy coral reef with a large variety of tropical fish including a pair of panda butterflyfish, Chaetodon adiergastos, anthias, damselfish and more, Komodo National Park, Indonesia, Pacific Ocean",slow-push-towards-reef-fish-corals,,"Komodo, Indonesia",Underwater,,,,,16,,,,,DSMC2 GEMINI 5K S35,,,REDcode 4:1,59.94,,,,,,,,,,2.37,Commercial,Premium
A033_C006_0917EY_V1-0083.mp4,,00:00:25:00,,,5120 x 2160,r3d,"Slow motion of camera pushing toward stag horn corals and Xenia corals with a resident group of damselfish swimming in the water column, Komodo National Park, Indonesia, Pacific Ocean",slow-push-slomo-to-coral-reef-with-damselfish,,"Komodo, Indonesia",Underwater,,,,,16,,,,,DSMC2 GEMINI 5K S35,,,REDcode 8:1,120,,,,,,,,,,2.37,Commercial,Premium
A033_C011_0917NZ_V1-0087.mp4,,00:01:22:86,,,5120 x 2160,r3d,"Slow motion forward push over healthy hard and soft corals in beautiful blue water with a variety of damselfish and surgeonfish in the water column, Komodo National Park, Indonesia, Pacific Ocean",slow-push-slomo-over-healthy-corals,,"Komodo, Indonesia",Underwater,,,,,16,,,,,DSMC2 GEMINI 5K S35,,,REDcode 7:1,96,,,,,,,,,,2.37,Commercial,Premium
A033_C006_0917EY_V1-0082.mp4,,00:00:36:13,,,5120 x 2160,r3d,"Slow motion of camera pushing toward stag horn corals and Xenia corals with a resident group of damselfish swimming in the water column, Komodo National Park, Indonesia, Pacific Ocean",slow-push-slomo-over-coral-reef-damselfish,,"Komodo, Indonesia",Underwater,,,,,16,,,,,DSMC2 GEMINI 5K S35,,,REDcode 8:1,120,,,,,,,,,,2.37,Commercial,Premium
A033_C006_0917EY_V1-0081.mp4,,00:00:27:16,,,5120 x 2160,r3d,"Slow motion of camera pushing toward stag horn corals and Xenia corals with a resident group of damselfish swimming in the water column, Komodo National Park, Indonesia, Pacific Ocean",slow-push-over-soft-corals-reef,,"Komodo, Indonesia",Underwater,,,,,16,,,,,DSMC2 GEMINI 5K S35,,,REDcode 8:1,120,,,,,,,,,,2.37,Commercial,Premium
A033_C001_09177S_V1-0079.mp4,,00:01:41:04,,,5120 x 2160,r3d,"Camera pushing forward over a variety of healthy Acropora sp., corals including table and stag horn varieties. Leather coral and soft corals cover the reef with damsel fish and chromis in the water column, Komodo National Park, Indonesia, Pacific Ocean",slow-push-over-healthy-diverse-coral-reef,,"Komodo, Indonesia",Underwater,,,,,16,,,,,DSMC2 GEMINI 5K S35,,,REDcode 8:1,120,,,,,,,,,,2.37,Commercial,Premium
A033_C003_091749_V1-0080.mp4,,00:01:12:08,,,5120 x 2160,r3d,"Camera pushing forward over healthy table corals, Acropora sp., on a healthy coral reef with a variety of damselfish and chromis in the water column, Komodo National Park, Indonesia, Pacific Ocean",slow-push-over-coral-reef,,"Komodo, Indonesia",Underwater,,,,,16,,,,,DSMC2 GEMINI 5K S35,,,REDcode 8:1,120,,,,,,,,,,2.37,Commercial,Premium
A033_C009_0917ZY_V1-0084.mp4,,00:00:44:02,,,5120 x 2160,r3d,"Camera pushing forward over a variety of healthy Acropora sp., corals including table and stag horn varieties. Leather coral and soft corals cover the reef with damsel fish, anthers and chromis in the water column, Komodo National Park, Indonesia, Pacific Ocean",slow-orbit-slomo-over-coral-reef,,"Komodo, Indonesia",Underwater,,,,,16,,,,,DSMC2 GEMINI 5K S35,,,REDcode 7:1,96,,,,,,,,,,2.37,Commercial,Premium
A033_C057_0917D8_V1-0110.mp4,,00:00:34:05,,,5120 x 2700,r3d,"Camera pushes forward over hard and soft corals with damselfish and chromis swimming in the water column, Komodo National Park, Indonesia, Pacific Ocean",slomo-push-towards-damselfish-acropora-and-fish,,"Komodo, Indonesia",Underwater,,,,,16,,,,,DSMC2 GEMINI 5K S35,,,REDcode 5:1,59.94,,,,,,,,,,1.09,Commercial,Premium
A033_C012_09172P_V1-0089.mp4,,00:00:26:07,,,5120 x 2160,r3d,"Healthy shallow coral reef with a variety of hard and soft corals with schools of damselfish and anthias in the blue water column, Komodo National Park, Indonesia, Pacific Ocean",slomo-push-towards-coral-reef,,"Komodo, Indonesia",Underwater,,,,,16,,,,,DSMC2 GEMINI 5K S35,,,REDcode 7:1,96,,,,,,,,,,2.37,Commercial,Premium
A033_C015_0917HA_V1-0092.mp4,,00:01:15:10,,,5120 x 2160,r3d,"Colourful anthias and damselfish swim in the water column above a healthy branching Acropora coral with Porites sp. coral on the left and blue water, Komodo National Park, Indonesia, Pacific Ocean",slomo-damselfish-healthy-corals,,"Komodo, Indonesia",Underwater,,,,,16,,,,,DSMC2 GEMINI 5K S35,,,REDcode 7:1,96,,,,,,,,,,2.37,Commercial,Premium
A030_C016_09154R_001.R3D,,00:00:10:48,,,4800 x 2700,r3d,"Panning from right to left across a school of blue streak fusiliers, Pterocaesio tile, Komodo National Park, Indonesia, Pacific Ocean",school-of-fusilliers-near-reef,,"Komodo, Indonesia",Underwater,,,,,16,,,,,DSMC2 GEMINI 5K S35,,,REDcode 5:1,59.94,,,,DSMC2 GEMINI 5K S35,,,,,,"0,095833333",Commercial,Premium
A030_C015_09154U_001.R3D,,00:00:43:01,,,4800 x 2700,r3d,"Camera pushes through a school of blue streak fusiliers, Pterocaesio tile, swimming over a bare current swept bottom, Komodo National Park, Indonesia, Pacific Ocean",school-of-fusilliers-near-bottom,,"Komodo, Indonesia",Underwater,,,,,16,,,,,DSMC2 GEMINI 5K S35,,,REDcode 5:1,59.94,,,,DSMC2 GEMINI 5K S35,,,,,,"0,095833333",Commercial,Premium
A033_C034_09174F_V1-0105.mp4,,00:00:44:00,,,5120 x 2700,r3d,"Tightly packed school of blue streak fusiliers, Pterocaesio tile, move right to left in a tight school in the water column, Komodo National Park, Indonesia, Pacific Ocean",school-fusilliers-swimming-diagonally-upward-slomo,,"Komodo, Indonesia",Underwater,,,,,16,,,,,DSMC2 GEMINI 5K S35,,,REDcode 5:1,59.94,,,,,,,,,,1.09,Commercial,Premium
A033_C039_0917BE_V1-0106.mp4,,00:01:09:50,,,5120 x 2700,r3d,"Large school of blue streak fusiliers, Pterocaesio tile, swim in the water column above a coral reef in Komodo National Park, Indonesia, Pacific Ocean",school-fusilliers-left-to-righ-slomo,,"Komodo, Indonesia",Underwater,,,,,16,,,,,DSMC2 GEMINI 5K S35,,,REDcode 5:1,59.94,,,,,,,,,,1.09,Commercial,Premium
A032_C085_0917CU_V2-0017.mp4,,00:00:05:13,,,5120 x 2700,r3d,"A landscape view of low clouds drifting over the volcanic peaks of Sangeang island, Sumbawa, Indonesia",sangeang-clouds-landscape,,"Sumbawa, Indonesia",Landscape,,,,,16,,,,,DSMC2 GEMINI 5K S35,,,REDcode 5:1,59.94,,,,,,,,,,1.09,Editorial,Standard
A032_C082_0916ES_V1-0147.mp4,,00:00:43:43,,,5120 x 2700,r3d,"A roughsnout pipefish, Solenostomus paegnius, hiding in seagrass, Komodo National Park, Indonesia, Pacific Ocean",Roughsnout-ghostpipefish-sideview-seagrass-one,,"Komodo, Indonesia",Underwater,,,,,16,,,,,DSMC2 GEMINI 5K S35,,,REDcode 5:1,59.94,,,,,,,,,,1.09,Commercial,Standard
A032_C081_091688_V1-0146.mp4,,00:00:34:09,,,5120 x 2700,r3d,"A roughsnout pipefish, Solenostomus paegnius, hiding in seagrass, Komodo National Park, Indonesia, Pacific Ocean",roughsnout-ghostpipefish-sideview-seagrass,,"Komodo, Indonesia",Underwater,,,,,16,,,,,DSMC2 GEMINI 5K S35,,,REDcode 5:1,59.94,,,,,,,,,,1.09,Commercial,Premium
A008_D001_0507HF_001.R3D,/Volumes/SSD4TB/Raptor UW 7 May/A008_D001_0507HF.RDC,00:01:39:01,,,7680 x 4320,r3d,"A large group of ribboned sweetlips, Plectorhinchus polytaenia, tightly packed together to avoid predators in Raja Ampat, Indonesia, Pacific Ocean",ribbon-sweetlips-school,,"Raja Ampat, Indonesia",Underwater,,,,,16,,,,A008_D001_0507HF_001.R3D,V-RAPTOR 8K VV,,,MQ,32,,,,V-RAPTOR VV,,,,,,1.78,Commercial,Premium
A033_C061_09176I_V1-0113.mp4,,00:04:17:40,,,5120 x 2700,r3d,"A common reef octopus, Octopus cyanea, hunting for food using tent or parachute fishing technique in coral rubble while small groupers and goatfish watch waiting for potential prey to be flushed out, Komodo National Park, Indonesia, Pacific Ocean",reef-octopus-looking-for-food-coral-rubble-from-above,,"Komodo, Indonesia",Underwater,,,,,16,,,,,DSMC2 GEMINI 5K S35,,,REDcode 5:1,59.94,,,,,,,,,,1.09,Commercial,Premium
A033_C061_09176I_V1-0114.mp4,,00:04:17:40,,,5120 x 2700,r3d,"A common reef octopus, Octopus cyanea, hunting for food using tent or parachute fishing technique in coral rubble while small groupers and goatfish watch waiting for potential prey to be flushed out, Komodo National Park, Indonesia, Pacific Ocean",reef-octopus-looking-for-food-coral-rubble-from-above,,"Komodo, Indonesia",Underwater,,,,,16,,,,,DSMC2 GEMINI 5K S35,,,REDcode 5:1,59.94,,,,,,,,,,1.09,Commercial,Premium
A033_C061_09176I_V1-0115.mp4,,00:04:17:40,,,5120 x 2700,r3d,"A common reef octopus, Octopus cyanea, hunting for food using tent or parachute fishing technique in coral rubble while small groupers and goatfish watch waiting for potential prey to be flushed out, Komodo National Park, Indonesia, Pacific Ocean",reef-octopus-looking-for-food-coral-rubble-from-above,,"Komodo, Indonesia",Underwater,,,,,16,,,,,DSMC2 GEMINI 5K S35,,,REDcode 5:1,59.94,,,,,,,,,,1.09,Commercial,Premium
A033_C061_09176I_V1-0116.mp4,,00:04:17:40,,,5120 x 2700,r3d,"A common reef octopus, Octopus cyanea, hunting for food using tent or parachute fishing technique in coral rubble while small groupers and goatfish watch waiting for potential prey to be flushed out, Komodo National Park, Indonesia, Pacific Ocean",reef-octopus-looking-for-food-coral-rubble-from-above,,"Komodo, Indonesia",Underwater,,,,,16,,,,,DSMC2 GEMINI 5K S35,,,REDcode 5:1,59.94,,,,,,,,,,1.09,Commercial,Premium
A033_C060_0917B4_V1-0111.mp4,,00:07:08:14,,,5120 x 2700,r3d,"A common reef octopus, Octopus cyanea, hunting for food in coral rubble while small groupers and goatfish watch waiting for potential prey to be flushed out, Komodo National Park, Indonesia, Pacific Ocean",reef-octopus-looking-for-food-coral-rubble,,"Komodo, Indonesia",Underwater,,,,,16,,,,,DSMC2 GEMINI 5K S35,,,REDcode 5:1,59.94,,,,,,,,,,1.09,Commercial,Premium
A033_C060_0917B4_V1-0112.mp4,,00:07:08:14,,,5120 x 2700,r3d,"A common reef octopus, Octopus cyanea, hunting for food in coral rubble while small groupers and goatfish watch waiting for potential prey to be flushed out, Komodo National Park, Indonesia, Pacific Ocean",Reef-octopus-looking-for-food-coral-rubble,,"Komodo, Indonesia",Underwater,,,,,16,,,,,DSMC2 GEMINI 5K S35,,,REDcode 5:1,59.94,,,,,,,,,,1.09,Commercial,Premium
A032_C038_0916EG_001.R3D,,00:01:21:55,,,5120 x 2160,r3d,"A reef manta ray, Mobula alfredi, cruises left to right through a healthy coral reef, Komodo National Park, Indonesia, Pacific Ocean",Reef-manta-cruising-left-to-right-komodo,,"Komodo, Indonesia",Underwater,,,,,16,,,,,DSMC2 GEMINI 5K S35,,,REDcode 4:1,59.94,,,,DSMC2 GEMINI 5K S35,,,,,,2.37,Commercial,Premium
A032_C041_0916ML_001.R3D,,00:00:30:54,,,5120 x 2160,r3d,"A reef manta ray, Mobula alfredi, cruises from left to right over the corals of south Komodo Island as seen from above, Komodo National Park, Indonesia, Pacific Ocean",Reef-manta-cruising-left-to-right-from-above,,"Komodo, Indonesia",Underwater,,,,,16,,,,,DSMC2 GEMINI 5K S35,,,REDcode 4:1,59.94,,,,DSMC2 GEMINI 5K S35,,,,,,2.37,Commercial,Premium
A032_C046_09166R_001.R3D,,00:01:03:04,,,5120 x 2160,r3d,"Close up pushing past a red sea fan in afternoon light with tropical fish in the water column, Komodo National Park, Indonesia, Pacific Ocean",red-seafan-coral-reef-komodo,,"Komodo, Indonesia",Underwater,,,,,16,,,,,DSMC2 GEMINI 5K S35,,,REDcode 4:1,59.94,,,,DSMC2 GEMINI 5K S35,,,,,,2.37,Commercial,Premium
A033_C052_0917MG_V1-0109.mp4,,00:00:38:12,,,5120 x 2700,r3d,"Forward push toward two different species of giant sponge, the orange Clathria flabellifera in the foreground and the barrel sponge, Xestospongia testudinaria, in the background, Komodo National Park, Indonesia, Pacific Ocean",push-towards-big-barrel-sponge,,"Komodo, Indonesia",Underwater,,,,,16,,,,,DSMC2 GEMINI 5K S35,,,REDcode 5:1,59.94,,,,,,,,,,1.09,Commercial,Premium
A032_C057_0916GN_V1-0123.mp4,,00:00:24:59,,,5120 x 2700,r3d,"Purple-tipped Costasiella sp3., also known as rouged cheeks sheep, or Ikea/Swedish sea slug sitting on a stalk of sea grass, Komodo National Park, Indonesia, Pacific Ocean",Purple-tipped Costasiella-shawn-the-sheep-nudibranch,,"Komodo, Indonesia",Underwater,,,,,16,,,,,DSMC2 GEMINI 5K S35,,,REDcode 5:1,59.94,,,,,,,,,,1.09,Commercial,Premium
A032_C075_0916L0_V1-0141.mp4,,00:01:21:02,,,5120 x 2700,r3d,"Beautiful flabellina nudibranch, Coryphellina rubrolineata, crawling on volcanic black sand, Komodo National Park, Indonesia, Pacific Ocean",purple-flabellina-nudibranch-sideview,,"Komodo, Indonesia",Underwater,,,,,16,,,,,DSMC2 GEMINI 5K S35,,,REDcode 5:1,59.94,,,,,,,,,,1.09,Commercial,Standard
A032_C076_09162V_V1-0142.mp4,,00:01:08:47,,,5120 x 2700,r3d,"Beautiful flabellina nudibranch, Coryphellina rubrolineata, crawling on volcanic black sand, Komodo National Park, Indonesia, Pacific Ocean",purple-flabellina-nudibranch-front-view,,"Komodo, Indonesia",Underwater,,,,,16,,,,,DSMC2 GEMINI 5K S35,,,REDcode 5:1,59.94,,,,,,,,,,1.09,Commercial,Standard
A032_C074_091650_V1-0140.mp4,,00:00:26:06,,,5120 x 2700,r3d,"Beautiful flabellina nudibranch, Coryphellina rubrolineata, crawling on volcanic black sand, Komodo National Park, Indonesia, Pacific Ocean",purple-flabellina-nudibranch,,"Komodo, Indonesia",Underwater,,,,,16,,,,,DSMC2 GEMINI 5K S35,,,REDcode 5:1,59.94,,,,,,,,,,1.09,Commercial,Standard
A032_C033_0916GP_001.R3D,,00:00:33:57,,,5120 x 2160,r3d,"Camera pushes up and over a healthy hard coral reef with a variety of species of coral and small tropical fish surrounded by a white sand bottom, Komodo National Park, Indonesia, Pacific Ocean",pristine-coralblock-acropora,,"Komodo, Indonesia",Underwater,,,,,16,,,,,DSMC2 GEMINI 5K S35,,,REDcode 4:1,59.94,,,,DSMC2 GEMINI 5K S35,,,,,,2.37,Commercial,Premium
A032_C106_0917GR_V1-0070.mp4,,00:00:15:88,,,5120 x 2700,r3d,"Traditional wooden boat being built in Bonto village, Sangeang Island, Sumbawa, Indonesia",pan-to-right-boat-shipyard,,"Sumbawa, Indonesia",Culture,,,,,16,,,,,DSMC2 GEMINI 5K S35,,,REDcode 8:1,96,,,,,,,,,,1.09,Editorial,Standard
A032_C099_0917MD_V2-0027.mp4,,00:00:26:05,,,5120 x 2700,r3d,"Left to right pan of traditional sarongs hanging on a line in the wind, Bontoh village, Sangeang island, Sumbawa, Indonesia, No Model Release",pan-colorful-local-fabric-hanging-in-the-wind,,"Sumbawa, Indonesia",Culture,,,,,16,,,,,DSMC2 GEMINI 5K S35,,,REDcode 8:1,96,,,,,,,,,,1.09,Editorial,Standard
A033_C018_0917MV_V1-0094.mp4,,00:00:45:83,,,5120 x 2700,r3d,"Slow motion camera pushing forward and orbiting a healthy shallow hard and soft coral reef with a variety of Acropora and Porites species such as table coral and branching corals along with damselfish and anthias, Komodo National Park, Indonesia, Pacific Ocean",orbit-slomo-coralreef-wide-scene-damselfish,,"Komodo, Indonesia",Underwater,,,,,16,,,,,DSMC2 GEMINI 5K S35,,,REDcode 8:1,96,,,,,,,,,,1.09,Commercial,Premium
A030_C051_0915ME_001.R3D,,00:00:29:04,,,5120 x 2160,r3d,"Schools of tropical fish such as anthias and damselfish swarm the water column above a healthy reef of branching hard corals, Komodo National Park, Indonesia, Pacific Ocean",orbit-over-healthy-diverse-reef,,"Komodo, Indonesia",Underwater,,,,,16,,,,,DSMC2 GEMINI 5K S35,,,REDcode 4:1,59.94,,,,DSMC2 GEMINI 5K S35,,,,,,2.37,Commercial,Premium
A033_C021_0917BR_V1-0096.mp4,,00:01:58:81,,,5120 x 2700,r3d,"Crane style orbit up and over a rich coral bommie with a red sea fan, colourful soft corals and Acropora sp. branching corals and small tropical fish, Komodo National Park, Indonesia, Pacific Ocean",orbit-coralhead-softcorals-current-slomo,,"Komodo, Indonesia",Underwater,,,,,16,,,,,DSMC2 GEMINI 5K S35,,,REDcode 8:1,96,,,,,,,,,,1.09,Commercial,Premium
A031_C059_0916BQ_V1-0100.mp4,,00:00:42:58,,,5120 x 2700,r3d,"A honeycomb moray, Gymnothorax favagineus, looks out from an overhang surrounded by a school of ring-tailed cardinal fish, Ostorhinchus aureus, and other cardinal species, and a lion fish above, Komodo National Park, Indonesia, Pacific Ocean",moray-leopard-overhang-glass-sweepers,,"Komodo, Indonesia",Underwater,,,,,16,,,,,DSMC2 GEMINI 5K S35,,,REDcode 5:1,59.94,,,,,,,,,,1.09,Commercial,Premium
A031_C061_091653_V1-0102.mp4,,00:00:50:03,,,5120 x 2700,r3d,"A honeycomb moray, Gymnothorax favagineus, looks out from an overhang surrounded by a school of ring-tailed cardinal fish, Ostorhinchus aureus, and other cardinal species, and a lion fish above, Komodo National Park, Indonesia, Pacific Ocean",moray-leopard-overhang-glass-sweepers,,"Komodo, Indonesia",Underwater,,,,,16,,,,,DSMC2 GEMINI 5K S35,,,REDcode 5:1,59.94,,,,,,,,,,1.09,Commercial,Premium
A032_C006_0916B8_001.R3D,,00:00:48:40,,,5120 x 2160,r3d,"Moorish idols, Zanius cornutus, and anthias swim around red barrel sponges, Xestospongia muta, Komodo National Park, Indonesia, Pacific Ocean",moorish-idol-group-over-coralhead-barrel-sponges,,"Komodo, Indonesia",Underwater,,,,,16,,,,,DSMC2 GEMINI 5K S35,,,REDcode 4:1,59.94,,,,DSMC2 GEMINI 5K S35,,,,,,2:37,Commercial,Premium
A032_C003_0916O6_001.R3D,,00:00:43:41,,,5120 x 2160,r3d,"A moorish idol, Zanclus cornutus, inspects a large red barrel sponge, Xestospongia muta, Komodo National Park, Indonesia, Pacific Ocean",Moorish-idol-fish-in-barrel-sponge,,"Komodo, Indonesia",Underwater,,,,,16,,,,,DSMC2 GEMINI 5K S35,,,REDcode 4:1,59.94,,,,DSMC2 GEMINI 5K S35,,,,,,2:37,Commercial,Premium
A032_C096_09179B_V2-0024.mp4,,00:00:36:04,,,5120 x 2700,r3d,"Smoking local man interacts with his daughter, Bontoh village, Sangeang island, Sumbawa, Indonesia, No Model Release",mid-shot-villager-smoking,,"Sumbawa, Indonesia",Culture,,,,,16,,,,,DSMC2 GEMINI 5K S35,,,REDcode 8:1,96,,,,,,,,,,1.09,Editorial,Standard
A032_C083_09176H_V2-0016.mp4,,00:00:05:12,,,5120 x 2700,r3d,"A Melibe nudibranch, Melibe viridis, using its unique hooded mouth for “hood feeding” as it uses the cirri inside the mouth to sweep for benthic organisms to eat, Komodo National Park, Indonesia, Pacific Ocean",melibe-nudibranch-feeding,,"Komodo, Indonesia",Underwater,,,,,16,,,,,DSMC2 GEMINI 5K S35,,,REDcode 5:1,59.94,,,,,,,,,,1.09,Commercial,Premium
A030_C059_09157Z_001.R3D,,00:05:51:40,,,5120 x 2160,r3d,"A reef manta ray, Mobula alfredi, swims in the blue water column, Komodo National Park, Indonesia, Pacific Ocean",manta-wingspan-from-above,,"Komodo, Indonesia",Underwater,,,,,16,,,,,DSMC2 GEMINI 5K S35,,,REDcode 4:1,59.94,,,,DSMC2 GEMINI 5K S35,,,,,,2.37,Commercial,Premium
A030_C058_09158G_001.R3D,,00:02:24:49,,,5120 x 2160,r3d,"A reef manta ray, Mobula alfredi, swims past the camera showing its white belly with a remora attached, Komodo National Park, Indonesia, Pacific Ocean",manta-showing-belly,,"Komodo, Indonesia",Underwater,,,,,16,,,,,DSMC2 GEMINI 5K S35,,,REDcode 4:1,59.94,,,,DSMC2 GEMINI 5K S35,,,,,,2.37,Commercial,Premium
A032_C054_09165W_V1-0122.mp4,,00:00:36:07,,,5120 x 2700,r3d,"Close up of the head and fins of an ornate ghost pipefish, Solenostomus paradoxus, hovering over a field of algae, Komodo National Park, Indonesia, Pacific Ocean",macro-yellow-ornate-ghostpipefish-algaes-seagrass,,"Komodo, Indonesia",Underwater,,,,,16,,,,,DSMC2 GEMINI 5K S35,,,REDcode 5:1,59.94,,,,,,,,,,1.09,Commercial,Premium
A032_C068_091633_V1-0136.mp4,,00:00:21:15,,,5120 x 2700,r3d,"A juvenile clown or warty frogfish, Antennarius maculatus, walking and using its lure to attract potential prey, Komodo National Park, Indonesia, Pacific Ocean",macro-wide-clown-frogfish-white,,"Komodo, Indonesia",Underwater,,,,,16,,,,,DSMC2 GEMINI 5K S35,,,REDcode 5:1,59.94,,,,,,,,,,1.09,Commercial,Premium
A032_C073_0916KG_V1-0139.mp4,,00:00:38:08,,,5120 x 2700,r3d,"A juvenile clown or warty frogfish, Antennarius maculatus, walking and using its lure to attract potential prey, Komodo National Park, Indonesia, Pacific Ocean",Macro-mid-clown-frogfish-white-two,,"Komodo, Indonesia",Underwater,,,,,16,,,,,DSMC2 GEMINI 5K S35,,,REDcode 5:1,59.94,,,,,,,,,,1.09,Commercial,Premium
A032_C072_0916GO_V1-0138.mp4,,00:00:52:45,,,5120 x 2700,r3d,"A juvenile clown or warty frogfish, Antennarius maculatus, walking and using its lure to attract potential prey, Komodo National Park, Indonesia, Pacific Ocean",Macro-mid-clown-frogfish-white-one,,"Komodo, Indonesia",Underwater,,,,,16,,,,,DSMC2 GEMINI 5K S35,,,REDcode 5:1,59.94,,,,,,,,,,1.09,Commercial,Premium
A032_C070_0916DT_V1-0137.mp4,,00:00:34:59,,,5120 x 2700,r3d,"A juvenile clown or warty frogfish, Antennarius maculatus, walking and using its lure to attract potential prey, Komodo National Park, Indonesia, Pacific Ocean",macro-mid-clown-frogfish-white,,"Komodo, Indonesia",Underwater,,,,,16,,,,,DSMC2 GEMINI 5K S35,,,REDcode 5:1,59.94,,,,,,,,,,1.09,Commercial,Premium
A032_C095_09179F_V2-0023.mp4,,00:00:14:94,,,5120 x 2700,r3d,"A village woman chewing betel nut, Bontoh village, Sangeang Island, Sumbawa, Indonesia, No Model Release",Local-woman-betelnut,,"Sumbawa, Indonesia",Culture,,,,,16,,,,,DSMC2 GEMINI 5K S35,,,REDcode 8:1,96,,,,,,,,,,1.09,Editorial,Standard
A032_C101_0917C4_V2-0029.mp4,,00:00:18:11,,,5120 x 2700,r3d,"Close up of a carpenter standing atop a boat being built, Bontoh village, Sangeang island, Sumbawa, Indonesia, No Model Release",local-villager-carpentar-top-ofboat-being-built-mid,,"Sumbawa, Indonesia",Culture,,,,,16,,,,,DSMC2 GEMINI 5K S35,,,REDcode 8:1,96,,,,,,,,,,1.09,Editorial,Standard
A032_C101_0917C4_V2-0028.mp4,,00:00:18:82,,,5120 x 2700,r3d,"A carpenter stands atop a local boat being built, Bontoh village, Sangeang island, Sumbawa, Indonesia, No Model Release",local-villager-carpentar-top-boat-being-built-wide-,,"Sumbawa, Indonesia",Culture,,,,,16,,,,,DSMC2 GEMINI 5K S35,,,REDcode 8:1,96,,,,,,,,,,1.09,Editorial,Standard
A032_C092_09178I_V2-0020.mp4,,00:00:20:05,,,5120 x 2700,r3d,"A local man sitting in front of his wooden house smiles at the camera, Bontoh village, Sangeang Island, Sumbawa, Indonesia. No model release",Local-man-smiling,,"Sumbawa, Indonesia",Culture,,,,,16,,,,,DSMC2 GEMINI 5K S35,,,REDcode 8:1,96,,,,,,,,,,1.09,Editorial,Standard
A032_C093_09177K_V2-0021.mp4,,00:00:14:01,,,5120 x 2700,r3d,"Two local women standing in front of a house in a village, Bontoh village, Sangeang Island, Sumbawa, Indonesia, No Model Release",local-ladies-from-village-hut-front,,"Sumbawa, Indonesia",Culture,,,,,16,,,,,DSMC2 GEMINI 5K S35,,,REDcode 8:1,96,,,,,,,,,,1.09,Editorial,Standard
A032_C136_0917ME_V1-0075.mp4,,00:00:43:23,,,5120 x 2160,r3d,"A young girl happily playing in the sea, Bontoh village, Sangeang Island, Sumbawa, Indonesia. No MR",litlle-girl-villager-playing-in-the-sea,,"Sumbawa, Indonesia",Culture,,,,,16,,,,,DSMC2 GEMINI 5K S35,,,REDcode 8:1,120,,,,,,,,,,2.37,Editorial,Standard
A031_C062_0916FQ_V1-0103.mp4,,00:03:29:58,,,5120 x 2700,r3d,"A honeycomb moray, Gymnothorax favagineus, lit from the left, looks out from an overhang surrounded by a school of ring-tailed cardinal fish, Ostorhinchus aureus, and other cardinal species, Komodo National Park, Indonesia, Pacific Ocean",Laced-moray-leopard-overhang-glassy-sweepers-fish,,"Komodo, Indonesia",Underwater,,,,,16,,,,,DSMC2 GEMINI 5K S35,,,REDcode 5:1,59.94,,,,,,,,,,1.09,Commercial,Standard
A033_C107_0919KN_001.R3D,,00:00:21:02,,,5120 x 2160,r3d,"Sunset over the waters of Komodo National Park with a traditional phinisi boat silhouetted in the foreground, Komodo National Park, Indonesia, Pacific Ocean",Komodo-scenery-sunset-boat,,"Komodo, Indonesia",Landscape,,,,,16,,,,,DSMC2 GEMINI 5K S35,,,REDcode 4:1,59.94,,,,DSMC2 GEMINI 5K S35,,,,,,2:37,Commercial,Standard
A033_C082_0918AC_001.R3D,,00:00:42:85,,,5120 x 2700,r3d,"Landscape of the brown islands of Komodo National Park, panning the camera from left to right, Komodo Island, Indonesia, Pacific Ocean",komodo-lanscape-pan-to-right,,"Komodo, Indonesia",Landscape,,,,,16,,,,,DSMC2 GEMINI 5K S35,,,REDcode 8:1,96,,,,DSMC2 GEMINI 5K S35,,,,,,1:09,Commercial,Standard
A032_C032_091621_001.R3D,,00:00:32:50,,,5120 x 2160,r3d,"Camera pushes forward over a large table coral, Acropora sp., branching corals and leather corals on a sandy bottom, Komodo National Park, Indonesia, Pacific Ocean",huge-acropora-tablecoral,,"Komodo, Indonesia",Underwater,,,,,16,,,,,DSMC2 GEMINI 5K S35,,,REDcode 4:1,59.94,,,,DSMC2 GEMINI 5K S35,,,,,,2.37,Commercial,Premium
A031_C060_0916XJ_V1-0101.mp4,,00:01:45:51,,,5120 x 2700,r3d,"A honeycomb moray, Gymnothorax favagineus, looks out from an overhang surrounded by a school of ring-tailed cardinal fish, Ostorhinchus aureus, and other cardinal species, Komodo National Park, Indonesia, Pacific Ocean",honeycomb-moray-leopard-overhang-glassy-sweepers,,"Komodo, Indonesia",Underwater,,,,,16,,,,,DSMC2 GEMINI 5K S35,,,REDcode 5:1,59.94,,,,,,,,,,1.09,Commercial,Standard
A031_C058_0916EW_V1-0099.mp4,,00:00:26:05,,,5120 x 2700,r3d,"Camera pushes toward a honeycomb moray, Gymnothorax favagineus, looking out from an overhang surrounded by a school of ring-tailed cardinal fish, Ostorhinchus aureus, and other cardinal species, Komodo National Park, Indonesia, Pacific Ocean",honeycomb-moray-leopard-overhang-glass-sweeper,,"Komodo, Indonesia",Underwater,,,,,16,,,,,DSMC2 GEMINI 5K S35,,,REDcode 5:1,59.94,,,,,,,,,,1.09,Commercial,Standard
A032_C035_0916HL_001.R3D,,00:00:12:01,,,5120 x 2160,r3d,"Healthy hard coral garden with anthias, surgeon and damsel fish swimming above the staghorn branching corals, Acropora sp., Komodo National Park, Indonesia, Pacific Ocean",healthy-diverse-reef-komodo,,"Komodo, Indonesia",Underwater,,,,,16,,,,,DSMC2 GEMINI 5K S35,,,REDcode 4:1,59.94,,,,DSMC2 GEMINI 5K S35,,,,,,2.37,Commercial,Premium
A032_C005_0916IW_001.R3D,,00:00:27:52,,,5120 x 2160,r3d,"Healthy soft corals and sponges with tropical fish swarming around them with a white sandy bottom, Komodo National Park, Indonesia, Pacific Ocean",healthy-corals-barrel-sponges,,"Komodo, Indonesia",Underwater,,,,,16,,,,,DSMC2 GEMINI 5K S35,,,REDcode 4:1,59.94,,,,DSMC2 GEMINI 5K S35,,,,,,2:37,Commercial,Premium
A005_D004_05032X_001.R3D,/Volumes/SSD4TB/Raptor UW 3 May/A005_D004_05032X.RDC,00:00:49:22,,,5120 x 2700,r3d,"Eretmochelys imbricata, foraging on the reef in Raja Ampat, Indonesia, Pacific Ocean",hawksbill-turtle-foraging,,"Raja Ampat, Indonesia",Underwater,,,,,16,,,,,V-RAPTOR 8K VV,,,MQ,32,,,,V-RAPTOR VV,,,,,,1.9,Commercial,Premium
A031_C021_09151D_V2-0008.mp4,,00:00:23:52,,,5120 x 2160,r3d,"A grey reef shark, Carcharhinus amblyrhynchos, cruising in the blue from left to right before turning and swimming out of the scene, Komodo National Park, Indonesia, Pacific Ocean",grey-reef-shark-turning-camera-front,,"Komodo, Indonesia",Underwater,,,,,16,,,,,DSMC2 GEMINI 5K S35,,,REDcode 4:1,59.94,,,,,,,,,,2.37,Commercial,Premium
A031_C020_09150A_V2-0007.mp4,,00:01:12:47,,,5120 x 2160,r3d,"A grey reef shark, Carcharhinus amblyrhynchos, swims toward a school of elongate surgeonfish, Acanthurus mata, and a giant trevally, Caranx ignobilis, before turning away, Komodo National Park, Indonesia, Pacific Ocean",grey-reef-shark-swims-to-surgeonfish-school,,"Komodo, Indonesia",Underwater,,,,,16,,,,,DSMC2 GEMINI 5K S35,,,REDcode 4:1,59.94,,,,,,,,,,2.37,Commercial,Premium
A031_C022_0915ML_V2-0009.mp4,,00:00:39:56,,,5120 x 2160,r3d,"A grey reef shark, Carcharhinus amblyrhynchos, surrounded by a school of rainbow runners, Elagatis bipinnulata, who rub against the shark to remove parasites from their skin, with blue and yellow fusiliers, Caesio teres, in the background, the shark dives down after the rainbow runners annoy it, Komodo National Park, Indonesia, Pacific Ocean",grey-reef-shark-slow-dive-down,,"Komodo, Indonesia",Underwater,,,,,16,,,,,DSMC2 GEMINI 5K S35,,,REDcode 4:1,59.94,,,,,,,,,,2.37,Commercial,Premium
A031_C020_09150A_V2-0006.mp4,,00:00:56:58,,,5120 x 2160,r3d,"A grey reef shark, Carcharhinus amblyrhynchos, surrounded by a school of rainbow runners, Elagatis bipinnulata, who rub against the shark to remove parasites from their skin, with blue and yellow fusiliers, Caesio teres, in the background, Komodo National Park, Indonesia, Pacific Ocean",grey-reef-shark-sideview-right-to-left-rainbowrunners,,"Komodo, Indonesia",Underwater,,,,,16,,,,,DSMC2 GEMINI 5K S35,,,REDcode 4:1,59.94,,,,,,,,,,2.37,Commercial,Premium
A031_C020_09150A_V2-0010.mp4,,00:02:29:01,,,5120 x 2160,r3d,"A grey reef shark, Carcharhinus amblyrhynchos, surrounded by a school of rainbow runners, Elagatis bipinnulata, who rub against the shark to remove parasites from their skin, Komodo National Park, Indonesia, Pacific Ocean",grey-reef-shark-rainbowrunners-wide-mid,,"Komodo, Indonesia",Underwater,,,,,16,,,,,DSMC2 GEMINI 5K S35,,,REDcode 4:1,59.94,,,,,,,,,,2.37,Commercial,Premium
A031_C020_09150A_V2-0011.mp4,,00:02:29:01,,,5120 x 2160,r3d,"A grey reef shark, Carcharhinus amblyrhynchos, surrounded by a school of rainbow runners, Elagatis bipinnulata, who rub against the shark to remove parasites from their skin, with blue and yellow fusiliers, Caesio teres, in the background, Komodo National Park, Indonesia, Pacific Ocean",grey-reef-shark-rainbowrunners-wide-mid,,"Komodo, Indonesia",Underwater,,,,,16,,,,,DSMC2 GEMINI 5K S35,,,REDcode 4:1,59.94,,,,,,,,,,2.37,Commercial,Premium
A032_C144_0918LN_001.R3D,,00:01:06:10,,,5120 x 2700,r3d,"A silhouetted green turtle, Chelonia mydas, swims through the water column backlit with sun rays, Komodo National Park, Indonesia, Pacific Ocean",greenturtle-silohuette-looking-up-bluewater,,"Komodo, Indonesia",Underwater,,,,,16,,,,,DSMC2 GEMINI 5K S35,,,REDcode 5:1,59.94,,,,DSMC2 GEMINI 5K S35,,,,,,1:09,Commercial,Premium
A032_C144_0918LN_001.R3D,,00:01:06:10,,,5120 x 2700,r3d,"A green turtle, Chelonia mydas, swims toward the surface in the late afternoon, Komodo National Park, Indonesia, Pacific Ocean",green-turtle-swimming-up-to-surface,,"Komodo, Indonesia",Underwater,,,,,16,,,,,DSMC2 GEMINI 5K S35,,,REDcode 5:1,59.94,,,,DSMC2 GEMINI 5K S35,,,,,,1:09,Commercial,Premium
A032_C146_0918B1_001.R3D,,00:01:23:03,,,5120 x 2700,r3d,"A green turtle, Chelonia mydas, swims over sand toward the coral reef, Komodo National Park, Indonesia, Pacific Ocean",green-turtle-swimming-over-sand-to-corals-from-above,,"Komodo, Indonesia",Underwater,,,,,16,,,,,DSMC2 GEMINI 5K S35,,,REDcode 5:1,59.94,,,,DSMC2 GEMINI 5K S35,,,,,,1:09,Commercial,Premium
A032_C141_0918U7_001.R3D,,00:02:04:47,,,5120 x 2700,r3d,"A green turtle, Chelonia mydas, swims past a healthy hard coral reef, Komodo National Park, Indonesia, Pacific Ocean",green-turtle-swimming-over-corals-sideview,,"Komodo, Indonesia",Underwater,,,,,16,,,,,DSMC2 GEMINI 5K S35,,,REDcode 5:1,59.94,,,,DSMC2 GEMINI 5K S35,,,,,,1:09,Commercial,Premium
A032_C141_0918U7_001.R3D,,00:02:04:47,,,5120 x 2700,r3d,"A green turtle, Chelonia mydas, swims over a healthy coral reef, Komodo National Park, Indonesia, Pacific Ocean",green-turtle-swimming-over-corals-sideview,,"Komodo, Indonesia",Underwater,,,,,16,,,,,DSMC2 GEMINI 5K S35,,,REDcode 5:1,59.94,,,,DSMC2 GEMINI 5K S35,,,,,,1:09,Commercial,Premium
A032_C147_0918U3_001.R3D,,00:00:38:55,,,5120 x 2700,r3d,"A green turtle, Chelonia mydas, swims over corals from left to right,  Komodo National Park, Indonesia, Pacific Ocean",green-turtle-swimming-over-corals-left-to-right,,"Komodo, Indonesia",Underwater,,,,,16,,,,,DSMC2 GEMINI 5K S35,,,REDcode 5:1,59.94,,,,DSMC2 GEMINI 5K S35,,,,,,1:09,Commercial,Premium
A032_C146_0918B1_001.R3D,,00:01:23:03,,,5120 x 2700,r3d,"A green turtle, Chelonia mydas, swims over a coral reef viewed from above, Komodo National Park, Indonesia, Pacific Ocean",green-turtle-swimming-over-corals-from-above,,"Komodo, Indonesia",Underwater,,,,,16,,,,,DSMC2 GEMINI 5K S35,,,REDcode 5:1,59.94,,,,DSMC2 GEMINI 5K S35,,,,,,1:09,Commercial,Premium
A032_C146_0918B1_001.R3D,,00:01:23:03,,,5120 x 2700,r3d,"A large green turtle, Chelonia mydas, swims through a healthy coral garden in the Komodo National Park, Indonesia, Pacific Ocean",green-turtle-swimming-from-above,,"Komodo, Indonesia",Underwater,,,,,16,,,,,DSMC2 GEMINI 5K S35,,,REDcode 5:1,59.94,,,,DSMC2 GEMINI 5K S35,,,,,,1.09,Commercial,Premium
A032_C140_0918QW_001.R3D,,00:00:54:48,,,5120 x 2700,r3d,"Panning around a coral head to reveal a green turtle, Chelonia mydas, as it swims into the water column, Komodo National Park, Indonesia, Pacific Ocean",green-turtle-reveal-from-corals,,"Komodo, Indonesia",Underwater,,,,,16,,,,,DSMC2 GEMINI 5K S35,,,REDcode 5:1,59.94,,,,DSMC2 GEMINI 5K S35,,,,,,1:09,Commercial,Premium
A032_C147_0918U3_001.R3D,,00:00:38:55,,,5120 x 2700,r3d,"A green turtle, Chelonia mydas, swims toward the camera before turning and swimming away, Komodo National Park, Indonesia, Pacific Ocean",green-turtle-front-view-turning-in-front-camera,,"Komodo, Indonesia",Underwater,,,,,16,,,,,DSMC2 GEMINI 5K S35,,,REDcode 5:1,59.94,,,,DSMC2 GEMINI 5K S35,,,,,,1:09,Commercial,Premium
A032_C145_0918Y1_001.R3D,,00:00:47:11,,,5120 x 2700,r3d,"A green turtle, Chelonia mydas, gliding in the water column backlit with sun rays, Komodo National Park, Indonesia, Pacific Ocean",green-turtle-from-below-gliding-watercolumn,,"Komodo, Indonesia",Underwater,,,,,16,,,,,DSMC2 GEMINI 5K S35,,,REDcode 5:1,59.94,,,,DSMC2 GEMINI 5K S35,,,,,,1:09,Commercial,Premium
A005_D035_0503CO_001.R3D,/Volumes/SSD4TB/Raptor UW 3 May/A005_D035_0503CO.RDC,00:01:16:23,,,5120 x 2700,r3d,"A small group of golden sweepers, Parapriacanthus ransonneti, schooling under a large coral head in Raja Ampat, Indonesia, Pacific Ocean",golden-sweepers-school,,"Raja Ampat, Indonesia",Underwater,,,,,16,,,,,V-RAPTOR 8K VV,,,MQ,32,,,,V-RAPTOR VV,,,,,,1.9,Commercial,Premium
A032_C089_0917AD_V2-0018.mp4,,00:00:34:03,,,5120 x 2700,r3d,"A pair of goats walk along the beach in front of a colourful sarongs on a laundry line, Bontoh village, Sangeang Island, Sumbawa, Indonesia",Goats-sarongs-village-sangeang,,"Sumbawa, Indonesia",Culture,,,,,16,,,,,DSMC2 GEMINI 5K S35,,,REDcode 8:1,96,,,,,,,,,,1.09,Editorial,Standard
A032_C103_0917EB_V2-0030.mp4,,00:00:17:01,,,5120 x 2700,r3d,"A black goat rest atop wooden boards, Bontoh village, Sangeang island, Sumbawa, Indonesia",goat-resting-by-shipyard-local-village,,"Sumbawa, Indonesia",Culture,,,,,16,,,,,DSMC2 GEMINI 5K S35,,,REDcode 8:1,96,,,,,,,,,,1.09,Commercial,Standard
A032_C138_09178Q_V1-0077.mp4,,00:00:40:119,,,5120 x 2160,r3d,"Two young girls playing in the sea, Bontoh village, Sangeang Island, Sumbawa, Indonesia. No MR",girls-villagers-playing-in-the-sea,,"Sumbawa, Indonesia",Culture,,,,,16,,,,,DSMC2 GEMINI 5K S35,,,REDcode 8:1,120,,,,,,,,,,2.37,Editorial,Standard
A031_C023_0915M3_V2-0013.mp4,,00:00:47:02,,,5120 x 2160,r3d,"A large school of elongate surgeonfish, Acanthurus mata,with giant trevally, Caranx ignobilis, lurking behind, Komodo National Park, Indonesia, Pacific Ocean",giant-trevallies-swim-left-to-right-surgeonfish,,"Komodo, Indonesia",Underwater,,,,,16,,,,,DSMC2 GEMINI 5K S35,,,REDcode 4:1,59.94,,,,,,,,,,2.37,Commercial,Premium
A031_C013_0915D3_V2-0003.mp4,,00:01:09:09,,,5120 x 2160,r3d,"Moving toward a giant sweetlips, Plectorhinchus albovittatus, with a trigger fish and an angelfish in the background, Komodo National Park, Indonesia, Pacific Ocean",giant-sweetlip-cleaner-wrasse-wide,,"Komodo, Indonesia",Underwater,,,,,16,,,,,DSMC2 GEMINI 5K S35,,,REDcode 4:1,59.94,,,,,,,,,,2.37,Commercial,Premium
A031_C010_091568_V2-0002.mp4,,00:00:58:47,,,5120 x 2160,r3d,"A Napoleon wrasse, Cheilinus undulatus, cruising along a coral reef from right to left, Komodo National Park, Indonesia, Pacific Ocean",giant-napoleon-wrasse-sideview-right-to-left-up,,"Komodo, Indonesia",Underwater,,,,,16,,,,,DSMC2 GEMINI 5K S35,,,REDcode 4:1,59.94,,,,,,,,,,2.37,Commercial,Premium
A031_C014_0915UA_V2-0004.mp4,,00:00:58:02,,,5120 x 2160,r3d,"A Napoleon wrasse, Cheilinus undulatus, swims toward and inspects the camera, Komodo National Park, Indonesia, Pacific Ocean",giant-napoleon-wrasse-faceon-towards-camera,,"Komodo, Indonesia",Underwater,,,,,16,,,,,DSMC2 GEMINI 5K S35,,,REDcode 4:1,59.94,,,,,,,,,,2.37,Commercial,Premium
A032_C064_0916KF_V1-0126.mp4,,00:01:22:01,,,5120 x 2700,r3d,"A Melibe nudibranch, Melibe viridis, using its unique hooded mouth for “hood feeding” as it uses the cirri inside the mouth to sweep for benthic organisms to eat, Komodo National Park, Indonesia, Pacific Ocean",Giant-melibe-nudibranch-eats,,"Komodo, Indonesia",Underwater,,,,,16,,,,,DSMC2 GEMINI 5K S35,,,REDcode 5:1,59.94,,,,,,,,,,1.09,Commercial,Premium
A032_C066_0916S5_V1-0129.mp4,,00:04:35:45,,,5120 x 2700,r3d,"A Melibe nudibranch, Melibe viridis, using its unique hooded mouth for “hood feeding” as it uses the cirri inside the mouth to sweep for benthic organisms to eat, Komodo National Park, Indonesia, Pacific Ocean",giant-melibe-nudibranch-eating-midshot-from-above,,"Komodo, Indonesia",Underwater,,,,,16,,,,,DSMC2 GEMINI 5K S35,,,REDcode 5:1,59.94,,,,,,,,,,1.09,Commercial,Premium
A032_C066_0916S5_V1-0130.mp4,,00:04:35:45,,,5120 x 2700,r3d,"A Melibe nudibranch, Melibe viridis, using its unique hooded mouth for “hood feeding” as it uses the cirri inside the mouth to sweep for benthic organisms to eat, Komodo National Park, Indonesia, Pacific Ocean",giant-melibe-nudibranch-eating-midshot-from-above,,"Komodo, Indonesia",Underwater,,,,,16,,,,,DSMC2 GEMINI 5K S35,,,REDcode 5:1,59.94,,,,,,,,,,1.09,Commercial,Premium
A032_C066_0916S5_V1-0131.mp4,,00:04:35:45,,,5120 x 2700,r3d,"A Melibe nudibranch, Melibe viridis, using its unique hooded mouth for “hood feeding” as it uses the cirri inside the mouth to sweep for benthic organisms to eat, Komodo National Park, Indonesia, Pacific Ocean",giant-melibe-nudibranch-eating-midshot-from-above,,"Komodo, Indonesia",Underwater,,,,,16,,,,,DSMC2 GEMINI 5K S35,,,REDcode 5:1,59.94,,,,,,,,,,1.09,Commercial,Premium
A032_C066_0916S5_V1-0132.mp4,,00:04:35:45,,,5120 x 2700,r3d,"A Melibe nudibranch, Melibe viridis, using its unique hooded mouth for “hood feeding” as it uses the cirri inside the mouth to sweep for benthic organisms to eat, Komodo National Park, Indonesia, Pacific Ocean",giant-melibe-nudibranch-eating-midshot-from-above,,"Komodo, Indonesia",Underwater,,,,,16,,,,,DSMC2 GEMINI 5K S35,,,REDcode 5:1,59.94,,,,,,,,,,1.09,Commercial,Premium
A032_C066_0916S5_V1-0133.mp4,,00:04:35:45,,,5120 x 2700,r3d,"A Melibe nudibranch, Melibe viridis, using its unique hooded mouth for “hood feeding” as it uses the cirri inside the mouth to sweep for benthic organisms to eat, Komodo National Park, Indonesia, Pacific Ocean",giant-melibe-nudibranch-eating-midshot-from-above,,"Komodo, Indonesia",Underwater,,,,,16,,,,,DSMC2 GEMINI 5K S35,,,REDcode 5:1,59.94,,,,,,,,,,1.09,Commercial,Premium
A032_C067_0916P9_V1-0134.mp4,,00:03:49:36,,,5120 x 2700,r3d,"A Melibe nudibranch, Melibe viridis, using its unique hooded mouth for “hood feeding” as it uses the cirri inside the mouth to eat a skeleton shrimp, Caprella sp.,  Komodo National Park, Indonesia, Pacific Ocean",Giant-melibe-nudibranch-eating-five,,"Komodo, Indonesia",Underwater,,,,,16,,,,,DSMC2 GEMINI 5K S35,,,REDcode 5:1,59.94,,,,,,,,,,1.09,Commercial,Premium
A032_C067_0916P9_V1-0135.mp4,,00:03:49:36,,,5120 x 2700,r3d,"A Melibe nudibranch, Melibe viridis, using its unique hooded mouth for “hood feeding” as it uses the cirri inside the mouth to eat a skeleton shrimp, Caprella sp.,  Komodo National Park, Indonesia, Pacific Ocean",Giant-melibe-nudibranch-eating-five,,"Komodo, Indonesia",Underwater,,,,,16,,,,,DSMC2 GEMINI 5K S35,,,REDcode 5:1,59.94,,,,,,,,,,1.09,Commercial,Premium
A032_C064_0916KF_V1-0125.mp4,,00:01:22:01,,,5120 x 2700,r3d,"A Melibe nudibranch, Melibe viridis, using its unique hooded mouth for “hood feeding” as it uses the cirri inside the mouth to sweep for benthic organisms to eat, Komodo National Park, Indonesia, Pacific Ocean",giant-melibe-nudibranch-eating,,"Komodo, Indonesia",Underwater,,,,,16,,,,,DSMC2 GEMINI 5K S35,,,REDcode 5:1,59.94,,,,,,,,,,1.09,Commercial,Premium
A032_C065_0916MP_V1-0127.mp4,,00:02:22:48,,,5120 x 2700,r3d,"A Melibe nudibranch, Melibe viridis, using its unique hooded mouth for “hood feeding” as it uses the cirri inside the mouth to sweep for benthic organisms to eat, Komodo National Park, Indonesia, Pacific Ocean",giant-melibe-nudibranch-eating,,"Komodo, Indonesia",Underwater,,,,,16,,,,,DSMC2 GEMINI 5K S35,,,REDcode 5:1,59.94,,,,,,,,,,1.09,Commercial,Premium
A032_C065_0916MP_V1-0128.mp4,,00:02:22:48,,,5120 x 2700,r3d,"A Melibe nudibranch, Melibe viridis, using its unique hooded mouth for “hood feeding” as it uses the cirri inside the mouth to sweep for benthic organisms to eat, Komodo National Park, Indonesia, Pacific Ocean",giant-melibe-nudibranch-eating,,"Komodo, Indonesia",Underwater,,,,,16,,,,,DSMC2 GEMINI 5K S35,,,REDcode 5:1,59.94,,,,,,,,,,1.09,Commercial,Premium
A032_C063_0916ZP_V1-0124.mp4,,00:00:31:52,,,5120 x 2700,r3d,"A Melibe nudibranch, Melibe viridis, using its unique hooded mouth for “hood feeding” as it uses the cirri inside the mouth to sweep for benthic organisms to eat, Komodo National Park, Indonesia, Pacific Ocean",giant-melibe-nudibranch-eat,,"Komodo, Indonesia",Underwater,,,,,16,,,,,DSMC2 GEMINI 5K S35,,,REDcode 5:1,59.94,,,,,,,,,,1.09,Commercial,Premium
A031_C056_0916J9_V1-0104.mp4,,00:01:57:03,,,5120 x 2700,r3d,"A large colony of garden eels, Heteroconger hassi, sitting high out of their burrows to feed on plankton, Amed, Bali, Indonesia, Pacific Ocean",garden-eels-black-sand-wide,,"Bali, Indonesia",Underwater,,,,,16,,,,,DSMC2 GEMINI 5K S35,,,REDcode 5:1,59.94,,,,,,,,,,1.09,Commercial,Premium
A033_C041_0917X8_V1-0107.mp4,,00:00:12:01,,,5120 x 2700,r3d,"Mixed school of cooperative hunting predatory fish including blue fin trevally (Caranx melampygus), long nose emperor (Lethrinus olivaceus), and yellow goatfish (Parupeneus cyclostomus), Komodo National Park, Indonesia, Pacific Ocean",gang-emperorfish-bluefin-trevally-yellow-goatfish,,"Komodo, Indonesia",Underwater,,,,,16,,,,,DSMC2 GEMINI 5K S35,,,REDcode 5:1,59.94,,,,,,,,,,1.09,Commercial,Premium
A032_C030_0916RK_001.R3D,,00:00:32:54,,,5120 x 2160,r3d,"A large mixed school of blue and gold fusiliers, Caesio caerulaurea, and blue streak fusiliers, Pterocaesio tile, swimming right to left, Komodo National Park, Indonesia, Pacific Ocean",fusilliers-sideview-right-to-left,,"Komodo, Indonesia",Underwater,,,,,16,,,,,DSMC2 GEMINI 5K S35,,,REDcode 4:1,59.94,,,,DSMC2 GEMINI 5K S35,,,,,,2.37,Commercial,Premium
A032_C145_0918Y1_001.R3D,,00:00:47:11,,,5120 x 2700,r3d,"Following a green turtle, Chelonia mydas, from behind as it swims over a white sandy bottom, Komodo National Park, Indonesia, Pacific Ocean",following-green-turtle-from-behind,,"Komodo, Indonesia",Underwater,,,,,16,,,,,DSMC2 GEMINI 5K S35,,,REDcode 5:1,59.94,,,,DSMC2 GEMINI 5K S35,,,,,,1:09,Commercial,Premium
A031_C025_0915XL_V2-0015.mp4,,00:01:01:02,,,5120 x 2160,r3d,"A Napoleon wrasse, Cheilinus undulatus, swims along a reef toward a school of Yellowmask surgeonfish, Acanthurus mata, Komodo National Park, Indonesia, Pacific Ocean",following-giant-napoleon-wrasse-reef,,"Komodo, Indonesia",Underwater,,,,,16,,,,,DSMC2 GEMINI 5K S35,,,REDcode 4:1,59.94,,,,,,,,,,2.37,Commercial,Premium
A030_C037_0915C8_001.R3D,,00:00:19:04,,,5120 x 2160,r3d,"Following a school of blackfin or chevron barracuda, Sphyraena genie, in the water column, Komodo National Park, Indonesia, Pacific Ocean",following-barracuda-group-from-behind,,"Komodo, Indonesia",Underwater,,,,,16,,,,,DSMC2 GEMINI 5K S35,,,REDcode 4:1,59.94,,,,DSMC2 GEMINI 5K S35,,,,,,2.37,Commercial,Premium
A033_C022_0917CW_V1-0097.mp4,,00:01:41:79,,,5120 x 2700,r3d,"Pushing forward over a healthy Acropora sp., reef surrounded by soft corals and clouds of tropical fish such as damselfish and anthias, Komodo National Park, Indonesia, Pacific Ocean",faster-slomo-swim-over-corals-with-damselfish,,"Komodo, Indonesia",Underwater,,,,,16,,,,,DSMC2 GEMINI 5K S35,,,REDcode 8:1,96,,,,,,,,,,1.09,Commercial,Premium
A033_C017_0917IY_V1-0093.mp4,,00:01:42:08,,,5120 x 2700,r3d,"Slow push over a healthy branching coral, Acropora sp., with Porites corals and a variety of damselfish and anthias swimming over the coral, Komodo National Park, Indonesia, Pacific Ocean",damselfish-coralreef-coralhead-slomo,,"Komodo, Indonesia",Underwater,,,,,16,,,,,DSMC2 GEMINI 5K S35,,,REDcode 8:1,96,,,,,,,,,,1.09,Commercial,Premium
A032_C049_0916MH_V1-0119.mp4,,00:00:40:55,,,5120 x 2700,r3d,"A pair of ornate or harlequin ghost pipefish, Solenostomus paradoxus, possibly a male and female showing courtship, Komodo National Park, Indonesia, Pacific Ocean",Couple-ornate-ghostpipefish-yellow-reds,,"Komodo, Indonesia",Underwater,,,,,16,,,,,DSMC2 GEMINI 5K S35,,,REDcode 5:1,59.94,,,,,,,,,,1.09,Commercial,Premium
A032_C048_0916EK_V1-0118.mp4,,00:00:55:44,,,5120 x 2700,r3d,"A pair of ornate or harlequin ghost pipefish, Solenostomus paradoxus, possibly a male and female showing courtship, Komodo National Park, Indonesia, Pacific Ocean",Couple-ornate-ghostpipefish-yellow-red-swim,,"Komodo, Indonesia",Underwater,,,,,16,,,,,DSMC2 GEMINI 5K S35,,,REDcode 5:1,59.94,,,,,,,,,,1.09,Commercial,Premium
A032_C047_0916U8_V1-0117.mp4,,00:01:05:45,,,5120 x 2700,r3d,"A pair of ornate or harlequin ghost pipefish, Solenostomus paradoxus, possibly a male and female showing courtship, Komodo National Park, Indonesia, Pacific Ocean",couple-ornate-ghostpipefish-yellow-red,,"Komodo, Indonesia",Underwater,,,,,16,,,,,DSMC2 GEMINI 5K S35,,,REDcode 5:1,59.94,,,,,,,,,,1.09,Commercial,Premium
A032_C052_0916HO_V1-0120.mp4,,00:00:46:58,,,5120 x 2700,r3d,"A pair of ornate or harlequin ghost pipefish, Solenostomus paradoxus, possibly a male and female showing courtship, Komodo National Park, Indonesia, Pacific Ocean",couple-ornate-ghost-pipefish-yellow-red,,"Komodo, Indonesia",Underwater,,,,,16,,,,,DSMC2 GEMINI 5K S35,,,REDcode 5:1,59.94,,,,,,,,,,1.09,Commercial,Premium
A030_C042_0915IH_001.R3D,,00:00:21:49,,,5120 x 2160,r3d,"A school of blackfin or chevron barracuda, Sphyraena genie, swim in shallow blue water, Komodo National Park, Indonesia, Pacific Ocean",compact-barracuda-group-blue-water_front_view,,"Komodo, Indonesia",Underwater,,,,,16,,,,,DSMC2 GEMINI 5K S35,,,REDcode 4:1,59.94,,,,DSMC2 GEMINI 5K S35,,,,,,2.37,Commercial,Premium
A030_C041_0915DQ_001.R3D,,00:00:17:38,,,5120 x 2160,r3d,"A school of blackfin or chevron barracuda, Sphyraena genie, silhouetted against the surface, Komodo National Park, Indonesia, Pacific Ocean",compact-barracuda-group-blue-water,,"Komodo, Indonesia",Underwater,,,,,16,,,,,DSMC2 GEMINI 5K S35,,,REDcode 4:1,59.94,,,,DSMC2 GEMINI 5K S35,,,,,,2.37,Commercial,Premium
A032_C097_0917QR_V2-0025.mp4,,00:00:38:12,,,5120 x 2700,r3d,"Close up of colourful sarongs hanging on a line flapping in the wind, Bontoh village, Sangeang island, Sumbawa, Indonesia, No Model Release",colorful-local-fabric-hanging-in-the-wind,,"Sumbawa, Indonesia",Culture,,,,,16,,,,,DSMC2 GEMINI 5K S35,,,REDcode 8:1,96,,,,,,,,,,1.09,Editorial,Standard
A033_C024_091725_V1-0098.mp4,,00:00:53:74,,,5120 x 2700,r3d,"Slow motion of camera pushing forward and up an over a branching hard coral, Acropora sp, with anthias, damselfish and other tropical fish swimming in the water column, Komodo National Park, Indonesia, Pacific Ocean",closefocus-widescene-over-acropora-with-fish,,"Komodo, Indonesia",Underwater,,,,,16,,,,,DSMC2 GEMINI 5K S35,,,REDcode 8:1,96,,,,,,,,,,1.09,Commercial,Premium
A031_C047_0916TP_V1-0078.mp4,,00:00:25:57,,,5120 x 2700,r3d,"The silhouetted outline of an underwater cave opening looking from inside of the cave out toward the blue water, Sangeang Island, Sumbawa, Indonesia, Pacific Ocean",cave-opening-underwater-frame,,"Sumbawa, Indonesia",Underwater,,,,,16,,,,,DSMC2 GEMINI 5K S35,,,REDcode 5:1,59.94,,,,,,,,,,1.09,Commercial,Premium
A032_C014_0916N2_001.R3D,,00:00:13:46,,,5120 x 2160,r3d,"Camera pans to the right across colourful soft corals and a large underwater canyon, Komodo National Park, Indonesia, Pacific Ocean",Canyon-channel-komodo-pan,,"Komodo, Indonesia",Underwater,,,,,16,,,,,DSMC2 GEMINI 5K S35,,,REDcode 4:1,59.94,,,,DSMC2 GEMINI 5K S35,,,,,,2.37,Commercial,Premium
A032_C013_0916YE_001.R3D,,00:00:15:05,,,5120 x 2160,r3d,"Camera pans up to show colourful corals with a deep canyon filled with fish in the background, Komodo National Park, Indonesia, Pacific Ocean",Canyon-channel-komodo-corals,,"Komodo, Indonesia",Underwater,,,,,16,,,,,DSMC2 GEMINI 5K S35,,,REDcode 4:1,59.94,,,,DSMC2 GEMINI 5K S35,,,,,,2.37,Commercial,Premium
A032_C012_0916ZI_001.R3D,,00:00:20:09,,,5120 x 2160,r3d,"Colourful soft corals on a coral head, camera pans up to reveal a canyon in the background, Komodo National Park, Indonesia, Pacific Ocean",Canyon-channel-komodo,,"Komodo, Indonesia",Underwater,,,,,16,,,,,DSMC2 GEMINI 5K S35,,,REDcode 4:1,59.94,,,,DSMC2 GEMINI 5K S35,,,,,,2.37,Commercial,Premium
A032_C106_0917GR_V1-0071.mp4,,00:00:42:13,,,5120 x 2700,r3d,"A traditional wooden boat builder descends a ladder in Bonto village, Sangeang Island, Sumbawa, Indonesia. No MR",boat-builder-descending-ladder,,"Sumbawa, Indonesia",Culture,,,,,16,,,,,DSMC2 GEMINI 5K S35,,,REDcode 8:1,96,,,,,,,,,,1.09,Editorial,Standard
A032_C104_09176D_V2-0031.mp4,,00:00:31:10,,,5120 x 2700,r3d,"The hull of a wooden fishing boat being built, Bontoh village, Sangeang island, Sumbawa, Indonesia, No Model Release",boat-being-built-from-below-up,,"Sumbawa, Indonesia",Culture,,,,,16,,,,,DSMC2 GEMINI 5K S35,,,REDcode 8:1,96,,,,,,,,,,1.09,Editorial,Standard
A032_C015_09167P_001.R3D,,00:00:11:02,,,5120 x 2160,r3d,"A small school of blue fin trevally, Caranx melampygus, swim close to the bottom of a rocky canyon, Komodo National Park, Indonesia, Pacific Ocean",blue-fin-trevallies-canyon-komodo,,"Komodo, Indonesia",Underwater,,,,,16,,,,,DSMC2 GEMINI 5K S35,,,REDcode 4:1,59.94,,,,DSMC2 GEMINI 5K S35,,,,,,2.37,Commercial,Premium
A032_C022_0916MB_001.R3D,,00:00:41:58,,,5120 x 2700,r3d,"A mixed school of bigeye jacks, Caranx sexfasciatus and blue fin trevally, Caranx melampygus, swimming in a sandy channel, Komodo National Park, Indonesia, Pacific Ocean",bigeye-jackfish-school-reef-sand,,"Komodo, Indonesia",Underwater,,,,,16,,,,,DSMC2 GEMINI 5K S35,,,REDcode 5:1,59.94,,,,DSMC2 GEMINI 5K S35,,,,,,1.09,Commercial,Premium
A032_C034_0916MI_001.R3D,,00:00:23:02,,,5120 x 2160,r3d,"Camera pushes up and over a coral head with healthy Acropora sp., table corals and branching corals and a variety of tropical fish, backlit by the sun, Komodo National Park, Indonesia, Pacific Ocean",big-table-corals-acropora,,"Komodo, Indonesia",Underwater,,,,,16,,,,,DSMC2 GEMINI 5K S35,,,REDcode 4:1,59.94,,,,DSMC2 GEMINI 5K S35,,,,,,2.37,Commercial,Premium
A031_C023_0915M3_V2-0012.mp4,,00:01:02:45,,,5120 x 2160,r3d,"A large school of elongate surgeonfish, Acanthurus mata,with giant trevally, Caranx ignobilis, lurking behind, Komodo National Park, Indonesia, Pacific Ocean",big-surgeonfish-school,,"Komodo, Indonesia",Underwater,,,,,16,,,,,DSMC2 GEMINI 5K S35,,,REDcode 4:1,59.94,,,,,,,,,,2.37,Commercial,Premium
A033_C020_09174Q_V1-0095.mp4,,00:01:27:05,,,5120 x 2700,r3d,"Slow motion camera pushing toward a large red seafan with a variety of damselfish and anthias in the water column and large porites coral heads in the background, Komodo National Park, Indonesia, Pacific Ocean",big-coral-head-with-seafans,,"Komodo, Indonesia",Underwater,,,,,16,,,,,DSMC2 GEMINI 5K S35,,,REDcode 8:1,96,,,,,,,,,,1.09,Commercial,Premium
A030_C006_0915PE_001.R3D,,00:00:16:00,,,4800 x 2700,r3d,"A school of circular spadefish or batfish, Platax orbicularis, swim along a rubble bottom, Komodo National Park, Indonesia, Pacific Ocean",Batfish-spadefish-swimming_close_to_bottom,,"Komodo, Indonesia",Underwater,,,,,16,,,,,DSMC2 GEMINI 5K S35,,,REDcode 5:1,59.94,,,,DSMC2 GEMINI 5K S35,,,,,,"0,095833333",Commercial,Premium
A030_C008_0915OM_001.R3D,,00:00:47:10,,,4800 x 2700,r3d,"A school of pinnate spadefish or batfish, Platax pinnatus, grouped near a seafan on a coral reef, Komodo National Park, Indonesia, Pacific Ocean",batfish-spadefish-hanging-by-seafan,,"Komodo, Indonesia",Underwater,,,,,16,,,,,DSMC2 GEMINI 5K S35,,,REDcode 5:1,59.94,,,,DSMC2 GEMINI 5K S35,,,,,,"0,095833333",Commercial,Premium
A030_C031_0915A2_001.R3D,,00:01:21:52,,,5120 x 2160,r3d,"A small group of blackfin or chevron barracuda, Sphyraena qenie, swimming near the bottom, Komodo National Park, Indonesia, Pacific Ocean",barracuda-small-group-near-bottom-reef,,"Komodo, Indonesia",Underwater,,,,,16,,,,,DSMC2 GEMINI 5K S35,,,REDcode 4:1,59.94,,,,DSMC2 GEMINI 5K S35,,,,,,2.37,Commercial,Premium
A030_C039_0915LN_001.R3D,,00:00:38:03,,,5120 x 2160,r3d,"A school of blackfin or chevron barracuda, Sphyraena genie, with fusiliers and surgeonfish in the water column, Komodo National Park, Indonesia, Pacific Ocean",barracuda-group-swimming-upward,,"Komodo, Indonesia",Underwater,,,,,16,,,,,DSMC2 GEMINI 5K S35,,,REDcode 4:1,59.94,,,,DSMC2 GEMINI 5K S35,,,,,,2.37,Commercial,Premium
A030_C043_0915A9_001.R3D,,00:01:07:53,,,5120 x 2160,r3d,"A school of blackfin or chevron barracuda, Sphyraena genie, in the blue water, Komodo National Park, Indonesia, Pacific Ocean",barracuda-group-blue-water-sideview-right-to-left,,"Komodo, Indonesia",Underwater,,,,,16,,,,,DSMC2 GEMINI 5K S35,,,REDcode 4:1,59.94,,,,DSMC2 GEMINI 5K S35,,,,,,2.37,Commercial,Premium
A032_C017_0916CO_001.R3D,,00:00:22:47,,,5120 x 2700,r3d,"Bright pink anthias swim in the current on a reef slope covered in red sea fans, Komodo National Park, Indonesia, Pacific Ocean",anthias-healthy-reef-seafans,,"Komodo, Indonesia",Underwater,,,,,16,,,,,DSMC2 GEMINI 5K S35,,,REDcode 5:1,59.94,,,,DSMC2 GEMINI 5K S35,,,,,,1.09,Commercial,Premium
A032_C021_0916B4_001.R3D,,00:00:46:41,,,5120 x 2700,r3d,"Camera pushes through a school of pink anthias and over a healthy reef full of colourful soft corals, Komodo National Park, Indonesia, Pacific Ocean",angelfish-reef-anthias,,"Komodo, Indonesia",Underwater,,,,,16,,,,,DSMC2 GEMINI 5K S35,,,REDcode 5:1,59.94,,,,DSMC2 GEMINI 5K S35,,,,,,1.09,Commercial,Premium
A032_C044_0916DQ_001.R3D,,00:00:44:53,,,5120 x 2160,r3d,"Camera pushes forward over a healthy hard and soft coral reef with a variety of damselfish, butterfly fish and anthias swimming in front of a red sea fan, Komodo National Park, Indonesia, Pacific Ocean",afternoon-light-coral-reef-komodo,,"Komodo, Indonesia",Underwater,,,,,16,,,,,DSMC2 GEMINI 5K S35,,,REDcode 4:1,59.94,,,,DSMC2 GEMINI 5K S35,,,,,,2.37,Commercial,Premium
A032_C045_09164T_001.R3D,,00:00:43:46,,,5120 x 2160,r3d,"Healthy shallow coral reef in afternoon light with a variety of damselfish and anthias swimming in the water column, Komodo National Park, Indonesia, Pacific Ocean",afternoon-light-coral-reef,,"Komodo, Indonesia",Underwater,,,,,16,,,,,DSMC2 GEMINI 5K S35,,,REDcode 4:1,59.94,,,,DSMC2 GEMINI 5K S35,,,,,,2.37,Commercial,Premium
A030_C049_09154F_001.R3D,,00:00:18:14,,,5120 x 2160,r3d,"Anthias and damselfish hover above a large Acropora table coral, Komodo National Park, Indonesia, Pacific Ocean",acropora-small-fishes,,"Komodo, Indonesia",Underwater,,,,,16,,,,,DSMC2 GEMINI 5K S35,,,REDcode 4:1,59.94,,,,DSMC2 GEMINI 5K S35,,,,,,2.37,Commercial,Premium
A030_C013_0915EE_001.R3D,,00:00:19:12,,,4800 x 2700,r3d,"A small school of blue streak fusiliers, Pterocaesio tile, swim over a table coral, Acropora sp., Komodo National Park, Indonesia, Pacific Ocean", fusilliers-near-acropora,,"Komodo, Indonesia",Underwater,,,,,16,,,,,DSMC2 GEMINI 5K S35,,,REDcode 5:1,59.94,,,,DSMC2 GEMINI 5K S35,,,,,,"0,095833333",Commercial,Premium
A004_A081_0412AG_V1-0042.mp4,,00:00:08:03,,,5120 x 2700,r3d,"Silhouette of a whale shark, Rhincodon typus, swimming overhead with a second shark coming in from the side, Cendrawasih Bay, Papua Province, Indonesia, Pacific Ocean",whaleshark-eye-contact-up-close-to-camera,,Cenderawasih,Underwater,,,,,16,,,,,DSMC2 GEMINI 5K S35,,,REDcode 5:1,50,,,,,,,,,,1.09,Commercial,Premium
A006_A044_04136P_V1-0054.mp4,,00:00:56:10,,,4608 x 2412,r3d,"A whale shark, Rhincodon typus, swims up toward the surface under a bagan, a traditional Indonesian drop net fishing boat, Cendrawasih Bay, Papua Province, Indonesia, Pacific Ocean",whaleshark-coming-up-towards-the-nets,,Cenderawasih,Underwater,,,,,16,,,,,DSMC2 GEMINI 5K S35,,,REDcode 7:1,50,,,,,,,,,,191.045,Commercial,Premium
A006_A045_0413M6_V1-0055.mp4,,00:00:50:03,,,4608 x 2412,r3d,"A whale shark, Rhincodon typus, swims past the camera while covered in remoras, Echeneis naucrates, Cendrawasih Bay, Papua Province, Indonesia, Pacific Ocean",beautiful-whalesharks-covered-in-remoras-and-fish,,Cenderawasih,Underwater,,,,,16,,,,,DSMC2 GEMINI 5K S35,,,REDcode 7:1,50,,,,,,,,,,191.045,Commercial,Premium
A006_A049_0413WS_V1-0056.mp4,,00:00:31:02,,,4608 x 2412,r3d,"A whale shark, Rhincodon typus, swims past the camera while covered in remoras, Echeneis naucrates, Cendrawasih Bay, Papua Province, Indonesia, Pacific Ocean",whaleshark-swimming-towards-camera-and-clearing-frame,,Cenderawasih,Underwater,,,,,16,,,,,DSMC2 GEMINI 5K S35,,,REDcode 7:1,50,,,,,,,,,,191.045,Commercial,Premium
A006_A053_041381_V1-0057.mp4,,00:01:11:12,,,4608 x 2412,r3d,"Two whale sharks, Rhincodon typus, eat small bait fish thrown by fishermen off of a bagan, a traditional Indonesian drop net fishing boat, Cendrawasih Bay, Papua Province, Indonesia, Pacific Ocean",whaleshark-eating-leftover-fish-from-fishermen,,Cenderawasih,Underwater,,,,,16,,,,,DSMC2 GEMINI 5K S35,,,REDcode 7:1,50,,,,,,,,,,191.045,Commercial,Premium
A006_A054_04133L_V1-0058.mp4,,00:00:18:07,,,4608 x 2412,r3d,"A whale shark, Rhincodon typus, swims over the camera while covered in remoras, Echeneis naucrates, Cendrawasih Bay, Papua Province, Indonesia, Pacific Ocean",whaleshark-swimming-towards-and-over-the-camera,,Cenderawasih,Underwater,,,,,16,,,,,DSMC2 GEMINI 5K S35,,,REDcode 7:1,50,,,,,,,,,,191.045,Commercial,Premium
A006_A056_04133J_V1-0059.mp4,,00:00:10:02,,,4608 x 2412,r3d,"A whale shark, Rhincodon typus, swims over the camera while covered in remoras, Echeneis naucrates, with a second whale shark behind, Cendrawasih Bay, Papua Province, Indonesia, Pacific Ocean",whaleshark-belly-covered-in-remora-fish,,Cenderawasih,Underwater,,,,,16,,,,,DSMC2 GEMINI 5K S35,,,REDcode 7:1,50,,,,,,,,,,191.045,Commercial,Premium
A006_A057_0413TH_V1-0048.mp4,,00:02:19:13,,,4608 x 2412,r3d,"Two whale sharks, Rhincodon typus, feeding beside the nets of a bagan, a traditional drop net fishing boat, Cendrawasih Bay, Papua Province, Indonesia, Pacific Ocean",two-whale-shark-feed-beside-nets,,Cenderawasih,Underwater,,,,,16,,,,,DSMC2 GEMINI 5K S35,,,REDcode 7:1,50,,,,,,,,,,191.045,Commercial,Premium
A006_A057_0413TH_V1-0060.mp4,,00:01:21:04,,,4608 x 2412,r3d,"Following a whale shark, Rhincodon typus, from above and behind, Cendrawasih Bay, Papua Province, Indonesia, Pacific Ocean",following-whale-shark-from-above-and-behind,,Cenderawasih,Underwater,,,,,16,,,,,DSMC2 GEMINI 5K S35,,,REDcode 7:1,50,,,,,,,,,,191.045,Commercial,Premium
A006_A058_0413ED_V1-0061.mp4,,00:00:44:10,,,4608 x 2412,r3d,"A whale shark, Rhincodon typus, swims past the camera with right side of the shark showing its spots, Cendrawasih Bay, Papua Province, Indonesia, Pacific Ocean",whaleshark-swimming-in-blue-water,,Cenderawasih,Underwater,,,,,16,,,,,DSMC2 GEMINI 5K S35,,,REDcode 7:1,50,,,,,,,,,,191.045,Commercial,Premium
A006_A059_0413ZL_V1-0062.mp4,,00:00:31:02,,,4608 x 2412,r3d,"A whale shark, Rhincodon typus, swims into the frame from the top and exits from the bottom as seen from above, Cendrawasih Bay, Papua Province, Indonesia, Pacific Ocean",whaleshark-swimming-through-frame-looking-from-above,,Cenderawasih,Underwater,,,,,16,,,,,DSMC2 GEMINI 5K S35,,,REDcode 7:1,50,,,,,,,,,,191.045,Commercial,Premium
A006_A060_0413AV_V1-0063.mp4,,00:01:09:13,,,4608 x 2412,r3d,"A whale shark, Rhincodon typus, vertically feeding under a bagan, a traditional Indonesian drop net fishing boat, Cendrawasih Bay, Papua Province, Indonesia, Pacific Ocean",camera-move-along-whaleshark-body-showing-the-beautful-skin-pattern,,Cenderawasih,Underwater,,,,,16,,,,,DSMC2 GEMINI 5K S35,,,REDcode 7:1,50,,,,,,,,,,191.045,Commercial,Premium
A006_A061_0413P3_V1-0064.mp4,,00:00:30:04,,,4608 x 2412,r3d,"A whale shark, Rhincodon typus, swims into and out of the frame, shot from above looking at the top of the shark, Cendrawasih Bay, Papua Province, Indonesia, Pacific Ocean",whaleshark-entering-and-clearing-frame-diagonally,,Cenderawasih,Underwater,,,,,16,,,,,DSMC2 GEMINI 5K S35,,,REDcode 7:1,50,,,,,,,,,,191.045,Commercial,Premium
A006_A063_04131T_V1-0065.mp4,,00:00:55:14,,,4608 x 2412,r3d,"Two whale sharks, Rhincodon typus, swim past each other in the blue water under a bagan, a traditional Indonesian drop net fishing boat, Cendrawasih Bay, Papua Province, Indonesia, Pacific Ocean",whalesharks-swimming-along-together,,Cenderawasih,Underwater,,,,,16,,,,,DSMC2 GEMINI 5K S35,,,REDcode 7:1,50,,,,,,,,,,191.045,Commercial,Premium
A006_A064_0413B4_V1-0066.mp4,,00:00:38:08,,,4608 x 2412,r3d,"A whale shark, Rhincodon typus, with a satellite tag on its dorsal fin swims just below the surface, Cendrawasih Bay, Papua Province, Indonesia, Pacific Ocean",whaleshark-with-satellite-tag-swimming-toward-camera-in-blue-water,,Cenderawasih,Underwater,,,,,16,,,,,DSMC2 GEMINI 5K S35,,,REDcode 7:1,50,,,,,,,,,,191.045,Commercial,Premium
A006_A066_0413C1_V1-0067.mp4,,00:00:10:17,,,4608 x 2412,r3d,"A whale shark, Rhincodon typus, swims over the camera while covered in remoras, Echeneis naucrates, with fishing nets behind, Cendrawasih Bay, Papua Province, Indonesia, Pacific Ocean",whaleshark-crossing-with-cameraman-and-clearing-frame-above,,Cenderawasih,Underwater,,,,,16,,,,,DSMC2 GEMINI 5K S35,,,REDcode 7:1,50,,,,,,,,,,191.045,Commercial,Premium
A006_A069_04136T_V1-0068.mp4,,00:00:42:14,,,4608 x 2412,r3d,"A whale shark, Rhincodon typus, enters the frame from the right in front of a bagan, a traditional Indonesian drop net fishing boat, Cendrawasih Bay, Papua Province, Indonesia, Pacific Ocean",whaleshark-entering-frame-going-towards-the-nets,,Cenderawasih,Underwater,,,,,16,,,,,DSMC2 GEMINI 5K S35,,,REDcode 7:1,50,,,,,,,,,,191.045,Commercial,Premium
A006_A071_0413MX_V1-0069.mp4,,00:00:41:03,,,4608 x 2412,r3d,"A whale shark, Rhincodon typus, swims in the shadows under a bagan, a traditional Indonesian drop net fishing boat, Cendrawasih Bay, Papua Province, Indonesia, Pacific Ocean",whaleshark-swimming-towards-camera-in-the-shadow-of-the-silhouetted-fishing-platform,,Cenderawasih,Underwater,,,,,16,,,,,DSMC2 GEMINI 5K S35,,,REDcode 7:1,50,,,,,,,,,,191.045,Commercial,Premium
A006_A077_0413SW_V1-0070.mp4,,00:01:16:20,,,4608 x 2412,r3d,"A whale shark, Rhincodon typus, eats baitfish while swimming under a bagan, a traditional Indonesian drop net fishing boat, Cendrawasih Bay, Papua Province, Indonesia, Pacific Ocean",whaleshark-eating-leftover-bait-thrown-from-fishermen,,Cenderawasih,Underwater,,,,,16,,,,,DSMC2 GEMINI 5K S35,,,REDcode 7:1,50,,,,,,,,,,191.045,Commercial,Premium
A006_A079_0413DA_V1-0071.mp4,,00:00:35:05,,,4608 x 2412,r3d,"A whale shark, Rhincodon typus, enters the frame from the bottom with camera showcasing the spots on the top of the shark, Cendrawasih Bay, Papua Province, Indonesia, Pacific Ocean",whaleshark-entering-frame-from-below-in-blue-water,,Cenderawasih,Underwater,,,,,16,,,,,DSMC2 GEMINI 5K S35,,,REDcode 7:1,50,,,,,,,,,,191.045,Commercial,Premium
A006_A080_0413EY_V1-0072.mp4,,00:00:52:03,,,4608 x 2412,r3d,"Silhouette of a whale shark, Rhincodon typus, swimming under a bagan, a traditional Indonesian drop net fishing boat, Cendrawasih Bay, Papua Province, Indonesia, Pacific Ocean",silhouette-of-whaleshark-and-fishing-platform,,Cenderawasih,Underwater,,,,,16,,,,,DSMC2 GEMINI 5K S35,,,REDcode 7:1,50,,,,,,,,,,191.045,Commercial,Premium
A006_A081_0413LN_V1-0073.mp4,,00:00:49:01,,,4608 x 2412,r3d,"Silhouette of a whale shark, Rhincodon typus, swimming overhead with a second shark coming in from the side, Cendrawasih Bay, Papua Province, Indonesia, Pacific Ocean",looking-up-at-whalesharks-around-fishing-platforms,,Cenderawasih,Underwater,,,,,16,,,,,DSMC2 GEMINI 5K S35,,,REDcode 7:1,50,,,,,,,,,,191.045,Commercial,Premium
A006_A083_0413AJ_V1-0074.mp4,,00:00:39:21,,,4608 x 2412,r3d,"Close up of a whale shark, Rhincodon typus, rises up to the surface for feeding, Cendrawasih Bay, Papua Province, Indonesia, Pacific Ocean",whaleshark-close-up-eye-contact-with-camera,,Cenderawasih,Underwater,,,,,16,,,,,DSMC2 GEMINI 5K S35,,,REDcode 7:1,50,,,,,,,,,,191.045,Commercial,Premium
A006_A084_0413LT_V1-0075.mp4,,00:00:41:08,,,4608 x 2412,r3d,"Looking down on a whale shark, Rhincodon typus, swimming away from the camera , Cendrawasih Bay, Papua Province, Indonesia, Pacific Ocean",mood-shot-whaleshark-in-deep-water,,Cenderawasih,Underwater,,,,,16,,,,,DSMC2 GEMINI 5K S35,,,REDcode 7:1,50,,,,,,,,,,191.045,Commercial,Premium
A006_A087_0413WA_V1-0043.mp4,,00:03:07:21,,,4608 x 2412,r3d,"Looking down on a whale shark, Rhincodon typus, swimming in the open ocean, Cendrawasih Bay, Papua Province, Indonesia, Pacific Ocean",whaleshark-swimming-below-in-deep-water,,Cenderawasih,Underwater,,,,,16,,,,,DSMC2 GEMINI 5K S35,,,REDcode 7:1,50,,,,,,,,,,191.045,Commercial,Premium
A006_A089_04138A_V1-0044.mp4,,00:01:05:00,,,4608 x 2412,r3d,"A whale shark, Rhincodon typus, enters the frame in front of a bagan, a traditional Indonesian drop net fishing boat, Cendrawasih Bay, Papua Province, Indonesia, Pacific Ocean Cendrawasih Bay, Papua Province, Indonesia, Pacific Ocean",whaleshark-silhouette-swimming-and-filling-the-frame,,Cenderawasih,Underwater,,,,,16,,,,,DSMC2 GEMINI 5K S35,,,REDcode 7:1,50,,,,,,,,,,191.045,Commercial,Premium
A006_A062_0413WX_V1-0049.mp4,,00:01:02:09,,,4608 x 2412,r3d,"A whale shark, Rhincodon typus, swims far below in the blue, Cendrawasih Bay, Papua Province, Indonesia, Pacific Ocean",whaleshark-swimming-below-in-the-deep,,Cenderawasih,Underwater,,,,,16,,,,,DSMC2 GEMINI 5K S35,,,REDcode 7:1,50,,,,,,,,,,191.045,Commercial,Premium
A006_A062_0413WX_V1-0050.mp4,,00:01:21:11,,,4608 x 2412,r3d,"Two whale sharks, Rhincodon typus, swim far below in the blue, panning to a third swimming beside the camera, Cendrawasih Bay, Papua Province, Indonesia, Pacific Ocean",deep-water-whalesharks-to-reveal-whaleshark-next-to-camera,,Cenderawasih,Underwater,,,,,16,,,,,DSMC2 GEMINI 5K S35,,,REDcode 7:1,50,,,,,,,,,,191.045,Commercial,Premium
A006_A068_0413CZ_V1-0053.mp4,,00:00:32:18,,,4608 x 2412,r3d,"The front left side of a whale shark, Rhincodon typus, as it swims in the blue Cendrawasih Bay, Papua Province, Indonesia, Pacific Ocean",whaleshark-swimming-in-the-blue,,Cenderawasih,Underwater,,,,,16,,,,,DSMC2 GEMINI 5K S35,,,REDcode 7:1,50,,,,,,,,,,191.045,Commercial,Premium
A003_A128_0410WL_V1-0002.mp4,,00:02:18:17,,,5120 x 2700,r3d,"Two whale sharks, Rhincodon typus, with attendant cobia, Rachycentron canadum, and remoras, Echeneis naucrates, pass each other under a traditional Indonesian drop net fishing boat, Cendrawasih Bay, Papua Province, Indonesia, Pacific Ocean",underwater-view-of-two-whalesharks-next-to-fishing-platform-bagan,,Cenderawasih,Underwater,,,,,16,,,,,DSMC2 GEMINI 5K S35,,,REDcode 5:1,50,,,,,,,,,,1.09,Commercial,Premium
A003_A129_04105P_V1-0004.mp4,,00:01:41:18,,,5120 x 2700,r3d,"Two whale sharks, Rhincodon typus, with attendant cobia, Rachycentron canadum, and remoras, Echeneis naucrates, swimming under a bagan, a traditional Indonesian drop net fishing boat, Cendrawasih Bay, Papua Province, Indonesia, Pacific Ocean",underwater-multiple-whalesharks-next-to-fishing-platform-bagan,,Cenderawasih,Underwater,,,,,16,,,,,DSMC2 GEMINI 5K S35,,,REDcode 5:1,50,,,,,,,,,,1.09,Commercial,Premium
A003_A133_0410TI_V1-0006.mp4,,00:00:38:10,,,5120 x 2700,r3d,"Two whale sharks, Rhincodon typus, with attendant cobia, Rachycentron canadum, and remoras, Echeneis naucrates, swim past each other, Cendrawasih Bay, Papua Province, Indonesia, Pacific Ocean",remoras-on-whalesharks,,Cenderawasih,Underwater,,,,,16,,,,,DSMC2 GEMINI 5K S35,,,REDcode 5:1,50,,,,,,,,,,1.09,Commercial,Premium
A003_A149_0410ZM_V1-0007.mp4,,00:00:53:21,,,5120 x 2700,r3d,"Four whale sharks, Rhincodon typus, swimming under a bagan, a traditional Indonesian drop net fishing boat, Cendrawasih Bay, Papua Province, Indonesia, Pacific Ocean",looking-up-at-multiple-whalesharks-swimming-under-bagan,,Cenderawasih,Underwater,,,,,16,,,,,DSMC2 GEMINI 5K S35,,,REDcode 5:1,50,,,,,,,,,,1.09,Commercial,Premium
A003_A153_0410IP_V1-0008.mp4,,00:04:12:22,,,5120 x 2700,r3d,"Following a whale shark, Rhincodon typus, as it swims toward a second whale shark under a bagan, a traditional Indonesian drop net fishing boat, Cendrawasih Bay, Papua Province, Indonesia, Pacific Ocean",multiple-whalesharks-swimming-towards-net-with-fish,,Cenderawasih,Underwater,,,,,16,,,,,DSMC2 GEMINI 5K S35,,,REDcode 5:1,50,,,,,,,,,,1.09,Commercial,Premium
A003_A154_0410PN_V1-0012.mp4,,00:02:31:19,,,5120 x 2700,r3d,"Looking down at a whale shark, Rhincodon typus, as it swims down into the deep, Cendrawasih Bay, Papua Province, Indonesia, Pacific Ocean",whaleshark-swimming-towards-the-blue,,Cenderawasih,Underwater,,,,,16,,,,,DSMC2 GEMINI 5K S35,,,REDcode 5:1,50,,,,,,,,,,1.09,Commercial,Premium
A003_A155_0410AR_V1-0014.mp4,,00:01:35:08,,,5120 x 2700,r3d,"A whale shark, Rhincodon typus, with many remoras, Echeneis naucrates, passes overhead with a second whale shark feeding under a bagan, a traditional Indonesian drop net fishing boat, Cendrawasih Bay, Papua Province, Indonesia, Pacific Ocean",overhead-pass-of-whaleshark-with-remora,,Cenderawasih,Underwater,,,,,16,,,,,DSMC2 GEMINI 5K S35,,,REDcode 5:1,50,,,,,,,,,,1.09,Commercial,Premium
A003_A160_04107G_V1-0016.mp4,,00:00:27:24,,,5120 x 2700,r3d,"Three whale sharks, Rhincodon typus, feeding under a bagan, a traditional Indonesian drop net fishing boat, Cendrawasih Bay, Papua Province, Indonesia, Pacific Ocean",whalesharks-crossing-each-other,,Cenderawasih,Underwater,,,,,16,,,,,DSMC2 GEMINI 5K S35,,,REDcode 5:1,50,,,,,,,,,,1.09,Commercial,Premium
A003_A162_04108G_V1-0017.mp4,,00:00:32:16,,,5120 x 2700,r3d,"A whale shark, Rhincodon typus, swims under the camera showing off the unique spots on its back, Cendrawasih Bay, Papua Province, Indonesia, Pacific Ocean",whaleshark-swimming-towards-camera-and-clear-frame,,Cenderawasih,Underwater,,,,,16,,,,,DSMC2 GEMINI 5K S35,,,REDcode 5:1,50,,,,,,,,,,1.09,Commercial,Premium
A003_A073_04111R_V1-0018.mp4,,00:01:54:18,,,5120 x 2700,r3d,"A whale shark, Rhincodon typus,  feeds vertically in the water column on small fish thrown by fishermen on a bagan, a traditional Indonesian drop net fishing boat, Cendrawasih Bay, Papua Province, Indonesia, Pacific Ocean",whaleshark-eating-on-the-surface-vertical-position,,Cenderawasih,Underwater,,,,,16,,,,,DSMC2 GEMINI 5K S35,,,REDcode 5:1,50,,,,,,,,,,1.09,Commercial,Premium
A003_A074_0411EE_V1-0019.mp4,,00:00:44:01,,,5120 x 2700,r3d,"Close up of a whale shark, Rhincodon typus, suction feeding showing the water going into its mouth under a bagan, a traditional Indonesian drop net fishing boat, Cendrawasih Bay, Papua Province, Indonesia, Pacific Ocean",whaleshark-close-up-of-mouth-opening-and-inhaling-water,,Cenderawasih,Underwater,,,,,16,,,,,DSMC2 GEMINI 5K S35,,,REDcode 5:1,50,,,,,,,,,,1.09,Commercial,Premium
A003_A075_0411AX_V1-0020.mp4,,00:01:03:15,,,5120 x 2700,r3d,"A whale shark, Rhincodon typus, opens its mouth in front of the camera while swimming under a bagan, a traditional Indonesian drop net fishing boat, Cendrawasih Bay, Papua Province, Indonesia, Pacific Ocean",whaleshark-face-close-up,,Cenderawasih,Underwater,,,,,16,,,,,DSMC2 GEMINI 5K S35,,,REDcode 5:1,50,,,,,,,,,,1.09,Commercial,Premium
A003_A075_0411AX_V1-0045.mp4,,00:02:06:01,,,5120 x 2700,r3d,"A whale shark, Rhincodon typus, opens its mouth in front of the camera while swimming under a bagan, a traditional Indonesian drop net fishing boat, Cendrawasih Bay, Papua Province, Indonesia, Pacific Ocean",whaleshark-eating-by-fishing-nets,,Cenderawasih,Underwater,,,,,16,,,,,DSMC2 GEMINI 5K S35,,,REDcode 5:1,50,,,,,,,,,,1.09,Commercial,Premium
A003_A076_0411VP_V1-0021.mp4,,00:00:57:05,,,5120 x 2700,r3d,"Camera pans up from the fins along the back of a whale shark, Rhincodon typus, vertically feeding in the water under a bagan, a traditional Indonesian drop net fishing boat, Cendrawasih Bay, Papua Province, Indonesia, Pacific Ocean",whaleshark-vertical-close-to-the-fishing-nets-view-from-behind,,Cenderawasih,Underwater,,,,,16,,,,,DSMC2 GEMINI 5K S35,,,REDcode 5:1,50,,,,,,,,,,1.09,Commercial,Premium
A003_A077_0411SG_V1-0023.mp4,,00:00:42:21,,,5120 x 2700,r3d,"A whale shark, Rhincodon typus, swims under a small boat with its left side to the camera toward a bagan, a traditional Indonesian drop net fishing boat, Cendrawasih Bay, Papua Province, Indonesia, Pacific Ocean",side-view-whaleshark-swimming-next-to-fishing-platform,,Cenderawasih,Underwater,,,,,16,,,,,DSMC2 GEMINI 5K S35,,,REDcode 5:1,50,,,,,,,,,,1.09,Commercial,Premium
A003_A081_0411LK_V1-0024.mp4,,00:00:37:06,,,5120 x 2700,r3d,"A whale shark, Rhincodon typus, swimming in the open water column under the camera, Cendrawasih Bay, Papua Province, Indonesia, Pacific Ocean",whaleshark-swimming-toward-and-clearing-camera-frame,,Cenderawasih,Underwater,,,,,16,,,,,DSMC2 GEMINI 5K S35,,,REDcode 5:1,50,,,,,,,,,,1.09,Commercial,Premium
A003_A084_041162_V1-0025.mp4,,00:00:30:01,,,5120 x 2700,r3d,"Looking down on a whale shark, Rhincodon typus, swimming away from the camera , Cendrawasih Bay, Papua Province, Indonesia, Pacific Ocean",whaleshark-entering-frame-in-clear-blue-water-view-from-above-straight-down,,Cenderawasih,Underwater,,,,,16,,,,,DSMC2 GEMINI 5K S35,,,REDcode 5:1,50,,,,,,,,,,1.09,Commercial,Premium
A003_A088_0411IS_V1-0026.mp4,,00:00:34:07,,,5120 x 2700,r3d,"A whale shark, Rhincodon typus, swims toward the camera underneath a small boat in Cendrawasih Bay, Papua Province, Indonesia, Pacific Ocean",whaleshark-swimming-toward-camera-with-boat-propeller-in-view,,Cenderawasih,Underwater,,,,,16,,,,,DSMC2 GEMINI 5K S35,,,REDcode 5:1,50,,,,,,,,,,1.09,Commercial,Premium
A003_A036_0411Z5_V1-0001.mp4,,00:00:39:14,,,5120 x 2700,r3d,"Looking down from a boat at a whale shark, Rhincodon typus, feeding at the surface beside a bagan, a traditional Indonesian drop net fishing boat, Cendrawasih Bay, Papua Province, Indonesia, Pacific Ocean",surface-view-of-whaleshark-swimming-next-to-fishing-platform-bagan,,Cenderawasih,Terrestrial,,,,,16,,,,,DSMC2 GEMINI 5K S36,,,REDcode 5:2,50,,,,,,,,,,1.09,Commercial,Premium
A004_A001_0412HC_V1-0027.mp4,,00:01:08:40,,,5120 x 2700,r3d,"A whale shark, Rhincodon typus, sucking at a net on the bottom of a boat while doing vertical feeding, Cendrawasih Bay, Papua, Indonesia, Pacific Ocean",whaleshark-next-to-fishing-nets,,Cenderawasih,Underwater,,,,,16,,,,,DSMC2 GEMINI 5K S35,,,REDcode 5:1,50,,,,,,,,,,1.09,Commercial,Premium
A004_A002_0412N6_V1-0028.mp4,,00:00:32:46,,,5120 x 2700,r3d,"Whale shark, Rhincodon typus, approaches the camera and turns toward the fishing nets to feed, Cendrawasih Bay, Papua, Indonesia, Pacific Ocean",whaleshark-eating-at-surface-eye-contact-with-camera,,Cenderawasih,Underwater,,,,,16,,,,,DSMC2 GEMINI 5K S35,,,REDcode 5:1,50,,,,,,,,,,1.09,Commercial,Premium
A004_A003_0412AB_V1-0029.mp4,,00:01:53:39,,,5120 x 2700,r3d,"A whale shark, Rhincodon typus, rises up from the deep to inspect the fishing nets under a bagan, a traditional net fishing boat in Cendrawasih Bay, Papua, Indonesia, Pacific Ocean",frontal-view-whaleshark-swimming-up-to-fishing-nets,,Cenderawasih,Underwater,,,,,16,,,,,DSMC2 GEMINI 5K S35,,,REDcode 5:1,50,,,,,,,,,,1.09,Commercial,Premium
A004_A003_0412AB_V1-0030.mp4,,00:01:53:39,,,5120 x 2700,r3d,"A whale shark, Rhincodon typus, enters from the right with left side of the shark showing its spots to inspect the fishing nets under a bagan, a traditional net fishing boat in Cendrawasih Bay, Papua, Indonesia, Pacific Ocean",frontal-view-whaleshark-swimming-up-to-pagan,,Cenderawasih,Underwater,,,,,16,,,,,DSMC2 GEMINI 5K S35,,,REDcode 5:1,50,,,,,,,,,,1.09,Commercial,Premium
A004_A004_04122W_V1-0031.mp4,,00:01:04:03,,,5120 x 2700,r3d,"A whale shark, Rhincodon typus, swims up and over the camera showing its white belly and numerous hitchhiking remoras, Echeneis naucrates, Cendrawasih Bay, Papua, Indonesia, Pacific Ocean",big-whaleshark-covered-in-remoras-swims-toward-camera,,Cenderawasih,Underwater,,,,,16,,,,,DSMC2 GEMINI 5K S35,,,REDcode 5:1,50,,,,,,,,,,1.09,Commercial,Premium
A004_A007_04128I_V1-0032.mp4,,00:00:41:35,,,5120 x 2700,r3d,"A whale shark, Rhincodon typus, swims away from the camera into the blue, Cendrawasih Bay, Papua, Indonesia, Pacific Ocean",full-body-whaleshark-swims-away,,Cenderawasih,Underwater,,,,,16,,,,,DSMC2 GEMINI 5K S35,,,REDcode 5:1,50,,,,,,,,,,1.09,Commercial,Premium
A004_A008_0412NB_V1-0033.mp4,,00:02:04:10,,,5120 x 2700,r3d,"A whale shark, Rhincodon typus, swims away from the net under a bagan, a traditional drop net fishing boat, Cendrawasih Bay, Papua, Indonesia, Pacific Ocean",whaleshark-swimming-next-to-nets-with-sunrays,,Cenderawasih,Underwater,,,,,16,,,,,DSMC2 GEMINI 5K S35,,,REDcode 5:1,50,,,,,,,,,,1.09,Commercial,Premium
A004_A008_0412NB_V1-0034.mp4,,00:02:04:10,,,5120 x 2700,r3d,"A whale shark, Rhincodon typus, approaches a bagan boat to feed on bait fish while two more sharks approach behind, Cendrawasih Bay, Papua, Indonesia, Pacific Ocean",whaleshark-swimming-next-to-nets-with-sunrays-and-particles,,Cenderawasih,Underwater,,,,,16,,,,,DSMC2 GEMINI 5K S35,,,REDcode 5:1,50,,,,,,,,,,1.09,Commercial,Premium
A004_A014_04122J_V1-0035.mp4,,00:01:13:35,,,5120 x 2700,r3d,"Two whale sharks, Rhincodon typus, moving toward the camera under a bagan, traditional drop net fishing boat, Cendrawasih Bay, Papua, Indonesia, Pacific Ocean",two-whalesharks-slowly-moving-toward-camera,,Cenderawasih,Underwater,,,,,16,,,,,DSMC2 GEMINI 5K S35,,,REDcode 5:1,50,,,,,,,,,,1.09,Commercial,Premium
A004_A021_0412HQ_V1-0036.mp4,,00:00:31:49,,,5120 x 2700,r3d,"Looking up at a whale shark, Rhincodon typus, circling under a bagan, a traditional drop net fishing boat in Cendrawasih Bay, Papua, Indonesia, Pacific Ocean",whaleshark-and-shafts-of-sunlight-on-bagan,,Cenderawasih,Underwater,,,,,16,,,,,DSMC2 GEMINI 5K S35,,,REDcode 5:1,50,,,,,,,,,,1.09,Commercial,Premium
A004_A022_0412HY_V1-0037.mp4,,00:01:26:47,,,5120 x 2700,r3d,"A whale shark, Rhincodon typus, swims up from the depths toward a bagan drop net fishing boat, Cendrawasih Bay, Papua, Indonesia, Pacific Ocean",whaleshark-swimming-up-towards-shafts-of-light,,Cenderawasih,Underwater,,,,,16,,,,,DSMC2 GEMINI 5K S35,,,REDcode 5:1,50,,,,,,,,,,1.09,Commercial,Premium
A004_A025_0412N9_V1-0038.mp4,,00:00:45:45,,,5120 x 2700,r3d,"Two whale sharks, Rhincodon typus, swim side by side past a fishing net and toward the blue, Cendrawasih Bay, Papua, Indonesia, Pacific Ocean",two-whalesharks-swimming-side-by-side,,Cenderawasih,Underwater,,,,,16,,,,,DSMC2 GEMINI 5K S35,,,REDcode 5:1,50,,,,,,,,,,1.09,Commercial,Premium
A004_A026_0412MJ_V1-0039.mp4,,00:01:49:49,,,5120 x 2700,r3d,"Two whale sharks, Rhincodon typus, swim past a large fishing net hanging under a bagan, Cendrawasih Bay, Papua, Indonesia, Pacific Ocean",two-whalesharks-swimming-next-to-fishing-nets,,Cenderawasih,Underwater,,,,,16,,,,,DSMC2 GEMINI 5K S35,,,REDcode 5:1,50,,,,,,,,,,1.09,Commercial,Premium
A004_A026_0412MJ_V1-0040.mp4,,00:01:49:49,,,5120 x 2700,r3d,"Two whale sharks, Rhincodon typus, swim down into the blue, Cendrawasih Bay, Papua, Indonesia, Pacific Ocean",two-whalesharks-swimming-next-to-fishing-net,,Cenderawasih,Underwater,,,,,16,,,,,DSMC2 GEMINI 5K S35,,,REDcode 5:1,50,,,,,,,,,,1.09,Commercial,Premium
A004_A027_04124Y_V1-0041.mp4,,00:00:53:47,,,5120 x 2700,r3d,"A whale shark, Rhincodon typus, swims under a bagan with sun rays and a second shark in the background, Cendrawasih Bay, Papua, Indonesia, Pacific Ocean",whaleshark-backlit-with-sunrays,,Cenderawasih,Underwater,,,,,16,,,,,DSMC2 GEMINI 5K S35,,,REDcode 5:1,50,,,,,,,,,,1.09,Commercial,Premium
